-- --------------------------------------------------------
-- Servidor:                     162.241.203.232
-- Versão do servidor:           5.7.23-23 - Percona Server (GPL), Release 23, Revision 500fcf5
-- OS do Servidor:               Linux
-- HeidiSQL Versão:              11.0.0.6046
-- --------------------------------------------------------

/*!40101 SET @OLD_CHARACTER_SET_CLIENT=@@CHARACTER_SET_CLIENT */;
/*!40101 SET NAMES utf8 */;
/*!50503 SET NAMES utf8mb4 */;
/*!40014 SET @OLD_FOREIGN_KEY_CHECKS=@@FOREIGN_KEY_CHECKS, FOREIGN_KEY_CHECKS=0 */;
/*!40101 SET @OLD_SQL_MODE=@@SQL_MODE, SQL_MODE='NO_AUTO_VALUE_ON_ZERO' */;


-- Copiando estrutura do banco de dados para realbi53_tonie
CREATE DATABASE IF NOT EXISTS `realbi53_tonie` /*!40100 DEFAULT CHARACTER SET utf8 COLLATE utf8_unicode_ci */;
USE `realbi53_tonie`;

-- Copiando estrutura para tabela realbi53_tonie.clientes
CREATE TABLE IF NOT EXISTS `clientes` (
  `id` int(11) NOT NULL AUTO_INCREMENT,
  `id_empresa` int(11) NOT NULL,
  `id_cliente_tipo` int(11) NOT NULL,
  `id_cliente_segmento` int(11) DEFAULT NULL,
  `nome` varchar(50) NOT NULL,
  `email` varchar(50) NOT NULL,
  `cnpj` varchar(50) DEFAULT NULL,
  `cpf` varchar(50) DEFAULT NULL,
  `telefone` varchar(50) DEFAULT NULL,
  `celular` varchar(50) DEFAULT NULL,
  `created_at` timestamp NOT NULL DEFAULT CURRENT_TIMESTAMP ON UPDATE CURRENT_TIMESTAMP,
  `updated_at` timestamp NOT NULL DEFAULT '0000-00-00 00:00:00',
  `deleted_at` timestamp NULL DEFAULT NULL,
  PRIMARY KEY (`id`),
  KEY `FK_clientes_tipos_clientes` (`id_cliente_tipo`),
  KEY `FK_clientes_clientes_segmentos` (`id_cliente_segmento`),
  KEY `FK_clientes_empresas` (`id_empresa`),
  CONSTRAINT `FK_clientes_clientes_segmentos` FOREIGN KEY (`id_cliente_segmento`) REFERENCES `clientes_segmentos` (`id`),
  CONSTRAINT `FK_clientes_empresas` FOREIGN KEY (`id_empresa`) REFERENCES `empresas` (`id`),
  CONSTRAINT `FK_clientes_tipos_clientes` FOREIGN KEY (`id_cliente_tipo`) REFERENCES `clientes_tipos` (`id`)
) ENGINE=InnoDB AUTO_INCREMENT=24 DEFAULT CHARSET=latin1;

-- Copiando dados para a tabela realbi53_tonie.clientes: ~5 rows (aproximadamente)
/*!40000 ALTER TABLE `clientes` DISABLE KEYS */;
INSERT INTO `clientes` (`id`, `id_empresa`, `id_cliente_tipo`, `id_cliente_segmento`, `nome`, `email`, `cnpj`, `cpf`, `telefone`, `celular`, `created_at`, `updated_at`, `deleted_at`) VALUES
	(2, 1, 2, 2, 'Açaí dos meus Sonhos', 'acaidosmeussonhos@gmail.com', '16.138.154/0001-84', NULL, '(71) 9873-9218', '(71) 45564-6556', '2020-05-28 17:46:58', '2020-06-10 13:37:17', NULL),
	(4, 1, 1, 4, 'Mariana Luna de Jesus', 'mariana@gmail.com', '80.006.659/1854-54', '896.811.810-64', '(71) 9873-9218', '(71) 98530-0528', '2020-05-28 18:23:59', '2020-06-10 12:33:31', NULL),
	(5, 1, 2, 3, 'Pizzaria Segue o Baile', 'pizzariasegueobaile@hotmail.com', '50.902.478/0001-081', NULL, '(71) 98739-2183', '(71)98530-0528', '2020-05-28 21:13:44', '2020-06-10 12:33:27', NULL),
	(7, 1, 2, 2, 'Limpa Cano', 'limpacano@gmail.com', '41.977.238/0001-59', NULL, '(71) 9873-9218', '(71) 45564-6556', '2020-05-31 17:25:50', '2020-06-10 13:31:34', NULL),
	(18, 1, 2, 4, 'Têxtil Sul ', 'textilsul@hotmail.com', '84.039.937/0001-60', '', '(71) 5656-5656', '(71) 54665-6566', '2020-07-12 11:44:09', '2020-07-12 11:44:07', NULL),
	(21, 1, 1, 1, 'Teste', 'testeddd@gmail.com', '84.039.937/0001-60', '021.810.945-86', '(71) 9860-0965', NULL, '2020-07-24 09:26:50', '2020-07-24 09:26:50', '2020-07-24 09:26:50'),
	(22, 4, 2, 3, 'Albino', 'albino@albino.com', '33.681.638/0001-94', '', '(47) 9998-8888', '', '2020-07-21 21:20:40', '2020-07-21 21:20:41', NULL),
	(23, 5, 1, 4, 'Railson dos Santos', 'railson@gmail.com', '', '666.708.289-77', '', '', '2020-11-09 14:36:10', '2020-11-09 14:36:10', NULL);
/*!40000 ALTER TABLE `clientes` ENABLE KEYS */;

-- Copiando estrutura para tabela realbi53_tonie.clientes_enderecos
CREATE TABLE IF NOT EXISTS `clientes_enderecos` (
  `id` int(11) NOT NULL AUTO_INCREMENT,
  `id_empresa` int(11) NOT NULL DEFAULT '0',
  `id_cliente` int(11) NOT NULL DEFAULT '0',
  `cep` varchar(50) DEFAULT NULL,
  `endereco` varchar(50) NOT NULL,
  `bairro` varchar(50) NOT NULL,
  `cidade` varchar(50) DEFAULT NULL,
  `estado` varchar(50) DEFAULT NULL,
  `numero` int(11) DEFAULT NULL,
  `complemento` text,
  `created_at` timestamp NOT NULL DEFAULT CURRENT_TIMESTAMP ON UPDATE CURRENT_TIMESTAMP,
  `updated_at` timestamp NOT NULL DEFAULT '0000-00-00 00:00:00',
  PRIMARY KEY (`id`),
  KEY `FK_clientes_enderecos_empresas` (`id_empresa`),
  KEY `FK_clientes_enderecos_clientes` (`id_cliente`),
  CONSTRAINT `FK_clientes_enderecos_clientes` FOREIGN KEY (`id_cliente`) REFERENCES `clientes` (`id`),
  CONSTRAINT `FK_clientes_enderecos_empresas` FOREIGN KEY (`id_empresa`) REFERENCES `empresas` (`id`)
) ENGINE=InnoDB AUTO_INCREMENT=26 DEFAULT CHARSET=latin1;

-- Copiando dados para a tabela realbi53_tonie.clientes_enderecos: ~8 rows (aproximadamente)
/*!40000 ALTER TABLE `clientes_enderecos` DISABLE KEYS */;
INSERT INTO `clientes_enderecos` (`id`, `id_empresa`, `id_cliente`, `cep`, `endereco`, `bairro`, `cidade`, `estado`, `numero`, `complemento`, `created_at`, `updated_at`) VALUES
	(3, 1, 4, '41.927-210', '2ª travessa são benedito', 'Chapada do Rio vermelho', 'salvador', 'Bahia', 14, NULL, '2020-07-23 21:59:35', '2020-07-23 21:59:33'),
	(4, 1, 4, '41927210', '2ª travessa são benedito', 'Chapada do Rio vermelho', 'salvador', 'Bahia', 14, ' bg ', '2020-05-29 12:31:48', '2020-05-29 12:31:48'),
	(5, 1, 4, '41927210', '2ª travessa são benedito', 'Chapada do Rio vermelho', 'salvador', 'Bahia', 56, 'Casa', '2020-05-29 12:32:23', '2020-05-29 14:11:53'),
	(18, 1, 4, '41.927-210', '2ª Travessa São Benedito', 'Santa Cruz', 'Salvador', 'BA', 15, '', '2020-06-08 10:11:00', '2020-06-08 10:11:00'),
	(19, 1, 18, '41.927-210', '2ª Travessa São Benedito', 'Santa Cruz', 'Salvador', 'BA', 3, NULL, '2020-07-23 22:00:39', '2020-07-23 22:00:37'),
	(20, 4, 22, '89.222-480', 'Rua Avaí', 'Bom Retiro', 'Joinville', 'SC', 315, 'entregar p jorgin', '2020-07-21 21:21:40', '2020-07-21 21:21:40'),
	(21, 1, 18, '78.028-610', 'Rua Santa Luzia', 'Cidade Verde', 'Cuiabá', 'MT', 47, '', '2020-07-23 22:28:00', '2020-07-23 22:28:00'),
	(22, 1, 18, '78.152-072', 'Rua Santa Luzia', 'São Matheus', 'Várzea Grande', 'MT', 7, '', '2020-07-23 22:35:38', '2020-07-23 22:35:38'),
	(23, 1, 5, '78.120-064', 'Rua Maria Quitéria de Jesus Medeiros', 'Parque do Lago', 'Várzea Grande', 'MT', 3, '', '2020-07-23 22:38:17', '2020-07-23 22:38:17'),
	(24, 1, 2, '78.735-569', 'Rua Flavio Alves de Medeiros', 'Residencial Santa Marina', 'Rondonópolis', 'MT', 8, NULL, '2020-07-23 22:39:53', '2020-07-23 22:39:53'),
	(25, 5, 23, '41.940-620', 'Rua Alagoinhas', 'Rio Vermelho', 'Salvador', 'BA', 125, '', '2020-11-09 14:37:12', '2020-11-09 14:37:12');
/*!40000 ALTER TABLE `clientes_enderecos` ENABLE KEYS */;

-- Copiando estrutura para tabela realbi53_tonie.clientes_segmentos
CREATE TABLE IF NOT EXISTS `clientes_segmentos` (
  `id` int(11) NOT NULL AUTO_INCREMENT,
  `descricao` varchar(50) NOT NULL,
  `created_at` timestamp NOT NULL DEFAULT CURRENT_TIMESTAMP ON UPDATE CURRENT_TIMESTAMP,
  `updated_at` timestamp NOT NULL DEFAULT '0000-00-00 00:00:00',
  PRIMARY KEY (`id`)
) ENGINE=InnoDB AUTO_INCREMENT=5 DEFAULT CHARSET=latin1;

-- Copiando dados para a tabela realbi53_tonie.clientes_segmentos: ~4 rows (aproximadamente)
/*!40000 ALTER TABLE `clientes_segmentos` DISABLE KEYS */;
INSERT INTO `clientes_segmentos` (`id`, `descricao`, `created_at`, `updated_at`) VALUES
	(1, 'Restaurante', '0000-00-00 00:00:00', '0000-00-00 00:00:00'),
	(2, 'Hamburgueria', '2020-05-28 10:28:08', '2020-05-28 10:28:09'),
	(3, 'Pizzaria', '2020-05-28 10:28:52', '2020-05-28 10:28:53'),
	(4, 'Outros...', '2020-06-02 00:00:26', '2020-06-02 00:00:27');
/*!40000 ALTER TABLE `clientes_segmentos` ENABLE KEYS */;

-- Copiando estrutura para tabela realbi53_tonie.clientes_tipos
CREATE TABLE IF NOT EXISTS `clientes_tipos` (
  `id` int(11) NOT NULL AUTO_INCREMENT,
  `descricao` varchar(50) NOT NULL,
  `created_at` timestamp NOT NULL DEFAULT CURRENT_TIMESTAMP ON UPDATE CURRENT_TIMESTAMP,
  `updated_at` timestamp NOT NULL DEFAULT '0000-00-00 00:00:00',
  PRIMARY KEY (`id`)
) ENGINE=InnoDB AUTO_INCREMENT=3 DEFAULT CHARSET=latin1;

-- Copiando dados para a tabela realbi53_tonie.clientes_tipos: ~2 rows (aproximadamente)
/*!40000 ALTER TABLE `clientes_tipos` DISABLE KEYS */;
INSERT INTO `clientes_tipos` (`id`, `descricao`, `created_at`, `updated_at`) VALUES
	(1, 'Pessoa Fisica', '2020-05-28 10:24:51', '2020-05-28 10:24:52'),
	(2, 'Pessoa Juridica', '2020-05-28 10:25:05', '2020-05-28 10:25:06');
/*!40000 ALTER TABLE `clientes_tipos` ENABLE KEYS */;

-- Copiando estrutura para tabela realbi53_tonie.config_pdv
CREATE TABLE IF NOT EXISTS `config_pdv` (
  `id` int(11) NOT NULL AUTO_INCREMENT,
  `id_empresa` int(11) NOT NULL,
  `id_tipo_pdv` int(11) NOT NULL DEFAULT '1',
  `created_at` timestamp NOT NULL DEFAULT CURRENT_TIMESTAMP ON UPDATE CURRENT_TIMESTAMP,
  `updated_at` timestamp NOT NULL DEFAULT '0000-00-00 00:00:00',
  PRIMARY KEY (`id`),
  KEY `FK_config_pdv_clientes` (`id_empresa`),
  KEY `FK_config_pdv_tipo_pdv` (`id_tipo_pdv`),
  CONSTRAINT `FK_config_pdv_clientes` FOREIGN KEY (`id_empresa`) REFERENCES `empresas` (`id`),
  CONSTRAINT `FK_config_pdv_tipo_pdv` FOREIGN KEY (`id_tipo_pdv`) REFERENCES `tipos_pdv` (`id`)
) ENGINE=InnoDB AUTO_INCREMENT=8 DEFAULT CHARSET=latin1;

-- Copiando dados para a tabela realbi53_tonie.config_pdv: ~5 rows (aproximadamente)
/*!40000 ALTER TABLE `config_pdv` DISABLE KEYS */;
INSERT INTO `config_pdv` (`id`, `id_empresa`, `id_tipo_pdv`, `created_at`, `updated_at`) VALUES
	(3, 1, 2, '2020-11-12 15:04:45', '2020-11-12 15:04:45'),
	(4, 2, 1, '2020-07-10 09:44:26', '2020-07-10 09:44:26'),
	(5, 3, 1, '2020-07-19 09:20:53', '2020-07-19 09:20:53'),
	(6, 4, 2, '2020-07-21 14:15:58', '2020-07-21 14:15:58'),
	(7, 5, 2, '2020-11-09 14:18:53', '2020-11-09 14:18:53');
/*!40000 ALTER TABLE `config_pdv` ENABLE KEYS */;

-- Copiando estrutura para tabela realbi53_tonie.empresas
CREATE TABLE IF NOT EXISTS `empresas` (
  `id` int(11) NOT NULL AUTO_INCREMENT,
  `nome` varchar(50) NOT NULL,
  `email` varchar(50) NOT NULL,
  `telefone` varchar(50) DEFAULT NULL,
  `celular` varchar(50) DEFAULT NULL,
  `id_segmento` int(11) NOT NULL,
  `created_at` timestamp NOT NULL DEFAULT CURRENT_TIMESTAMP ON UPDATE CURRENT_TIMESTAMP,
  `updated_at` timestamp NOT NULL DEFAULT '0000-00-00 00:00:00',
  PRIMARY KEY (`id`)
) ENGINE=InnoDB AUTO_INCREMENT=6 DEFAULT CHARSET=latin1;

-- Copiando dados para a tabela realbi53_tonie.empresas: ~0 rows (aproximadamente)
/*!40000 ALTER TABLE `empresas` DISABLE KEYS */;
INSERT INTO `empresas` (`id`, `nome`, `email`, `telefone`, `celular`, `id_segmento`, `created_at`, `updated_at`) VALUES
	(1, 'Cliente Teste', 'cliente_teste@hotmail.com', NULL, NULL, 0, '2020-07-15 18:54:31', '2020-07-15 18:54:27'),
	(2, 'Açaí dos meus Sonhos', 'acaidosmeussonhos@gmail.com', '(71) 9860-0965', '(71) 45564-6556', 2, '2020-07-15 22:06:33', '2020-07-15 22:06:30'),
	(3, 'Sabor Açaí', 'saboracai@gmail.com', '', '(71) 99260-8599', 3, '2020-07-19 09:20:53', '2020-07-19 09:20:53'),
	(4, 'BOUTHIN DISTRIBUIDORA LTDA', 'fernando@bouthin.com.br', '(47) 3424-1444', '', 4, '2020-07-21 14:01:06', '2020-07-21 14:01:06'),
	(5, 'Ghetto Modas', 'ghettomodas@hotmail.com', '', '', 4, '2020-11-09 14:14:43', '2020-11-09 14:14:43');
/*!40000 ALTER TABLE `empresas` ENABLE KEYS */;

-- Copiando estrutura para tabela realbi53_tonie.log_acessos
CREATE TABLE IF NOT EXISTS `log_acessos` (
  `id` int(11) NOT NULL AUTO_INCREMENT,
  `id_usuario` int(11) NOT NULL DEFAULT '0',
  `id_empresa` int(11) NOT NULL DEFAULT '0',
  `created_at` timestamp NOT NULL DEFAULT CURRENT_TIMESTAMP,
  `updated_at` timestamp NOT NULL DEFAULT '0000-00-00 00:00:00' ON UPDATE CURRENT_TIMESTAMP,
  `deleted_at` timestamp NOT NULL DEFAULT '0000-00-00 00:00:00',
  PRIMARY KEY (`id`),
  KEY `FK_log_usuarios` (`id_usuario`),
  KEY `FK_log_clientes` (`id_empresa`),
  CONSTRAINT `FK_log_clientes` FOREIGN KEY (`id_empresa`) REFERENCES `empresas` (`id`),
  CONSTRAINT `FK_log_usuarios` FOREIGN KEY (`id_usuario`) REFERENCES `usuarios` (`id`)
) ENGINE=InnoDB AUTO_INCREMENT=430 DEFAULT CHARSET=latin1;

-- Copiando dados para a tabela realbi53_tonie.log_acessos: ~143 rows (aproximadamente)
/*!40000 ALTER TABLE `log_acessos` DISABLE KEYS */;
INSERT INTO `log_acessos` (`id`, `id_usuario`, `id_empresa`, `created_at`, `updated_at`, `deleted_at`) VALUES
	(1, 1, 1, '2020-06-24 12:34:39', '2020-06-24 12:34:39', '0000-00-00 00:00:00'),
	(2, 1, 1, '2020-06-24 20:13:14', '2020-06-24 20:13:14', '0000-00-00 00:00:00'),
	(3, 1, 1, '2020-06-24 21:48:40', '2020-06-24 21:48:40', '0000-00-00 00:00:00'),
	(4, 1, 1, '2020-06-25 06:41:38', '2020-06-25 06:41:38', '0000-00-00 00:00:00'),
	(5, 1, 1, '2020-06-25 08:04:45', '2020-06-25 08:04:45', '0000-00-00 00:00:00'),
	(6, 1, 1, '2020-06-25 12:48:35', '2020-06-25 12:48:35', '0000-00-00 00:00:00'),
	(7, 1, 1, '2020-06-25 12:53:20', '2020-06-25 12:53:20', '0000-00-00 00:00:00'),
	(8, 1, 1, '2020-06-25 12:53:47', '2020-06-25 12:53:47', '0000-00-00 00:00:00'),
	(9, 1, 1, '2020-06-25 16:40:02', '2020-06-25 16:40:02', '0000-00-00 00:00:00'),
	(10, 1, 1, '2020-06-25 16:59:14', '2020-06-25 16:59:14', '0000-00-00 00:00:00'),
	(11, 1, 1, '2020-06-26 13:27:18', '2020-06-26 13:27:18', '0000-00-00 00:00:00'),
	(12, 1, 1, '2020-06-26 22:32:25', '2020-06-26 22:32:25', '0000-00-00 00:00:00'),
	(13, 1, 1, '2020-06-27 07:55:25', '2020-06-27 07:55:25', '0000-00-00 00:00:00'),
	(14, 1, 1, '2020-06-27 15:39:09', '2020-06-27 15:39:09', '0000-00-00 00:00:00'),
	(15, 1, 1, '2020-06-27 22:23:11', '2020-06-27 22:23:11', '0000-00-00 00:00:00'),
	(16, 1, 1, '2020-06-27 23:49:24', '2020-06-27 23:49:24', '0000-00-00 00:00:00'),
	(17, 1, 1, '2020-06-28 08:41:53', '2020-06-28 08:41:53', '0000-00-00 00:00:00'),
	(18, 1, 1, '2020-06-28 08:46:31', '2020-06-28 08:46:31', '0000-00-00 00:00:00'),
	(19, 1, 1, '2020-06-28 10:03:59', '2020-06-28 10:03:59', '0000-00-00 00:00:00'),
	(20, 1, 1, '2020-06-28 18:38:00', '2020-06-28 18:38:00', '0000-00-00 00:00:00'),
	(21, 1, 1, '2020-06-28 18:38:40', '2020-06-28 18:38:40', '0000-00-00 00:00:00'),
	(22, 1, 1, '2020-06-28 18:38:56', '2020-06-28 18:38:56', '0000-00-00 00:00:00'),
	(23, 38, 1, '2020-06-28 18:39:42', '2020-06-28 18:39:42', '0000-00-00 00:00:00'),
	(24, 38, 1, '2020-06-28 18:40:14', '2020-06-28 18:40:14', '0000-00-00 00:00:00'),
	(25, 1, 1, '2020-06-29 13:02:52', '2020-06-29 13:02:52', '0000-00-00 00:00:00'),
	(26, 1, 1, '2020-06-29 13:37:25', '2020-06-29 13:37:25', '0000-00-00 00:00:00'),
	(27, 1, 1, '2020-06-29 14:21:32', '2020-06-29 14:21:32', '0000-00-00 00:00:00'),
	(28, 1, 1, '2020-06-30 11:12:43', '2020-06-30 11:12:43', '0000-00-00 00:00:00'),
	(29, 1, 1, '2020-07-01 21:40:40', '2020-07-01 21:40:40', '0000-00-00 00:00:00'),
	(30, 1, 1, '2020-07-02 08:26:09', '2020-07-02 08:26:09', '0000-00-00 00:00:00'),
	(31, 1, 1, '2020-07-03 08:13:12', '2020-07-03 08:13:12', '0000-00-00 00:00:00'),
	(32, 1, 1, '2020-07-03 12:39:12', '2020-07-03 12:39:12', '0000-00-00 00:00:00'),
	(33, 1, 1, '2020-07-03 15:44:41', '2020-07-03 15:44:41', '0000-00-00 00:00:00'),
	(34, 1, 1, '2020-07-04 00:02:10', '2020-07-04 00:02:10', '0000-00-00 00:00:00'),
	(35, 1, 1, '2020-07-04 10:29:28', '2020-07-04 10:29:28', '0000-00-00 00:00:00'),
	(36, 1, 1, '2020-07-04 14:02:26', '2020-07-04 14:02:26', '0000-00-00 00:00:00'),
	(37, 1, 1, '2020-07-04 14:26:50', '2020-07-04 14:26:50', '0000-00-00 00:00:00'),
	(38, 1, 1, '2020-07-04 21:11:44', '2020-07-04 21:11:44', '0000-00-00 00:00:00'),
	(39, 1, 1, '2020-07-04 22:27:49', '2020-07-04 22:27:49', '0000-00-00 00:00:00'),
	(40, 1, 1, '2020-07-04 22:37:01', '2020-07-04 22:37:01', '0000-00-00 00:00:00'),
	(41, 1, 1, '2020-07-05 10:36:28', '2020-07-05 10:36:28', '0000-00-00 00:00:00'),
	(42, 1, 1, '2020-07-05 16:35:15', '2020-07-05 16:35:15', '0000-00-00 00:00:00'),
	(43, 1, 1, '2020-07-05 16:35:21', '2020-07-05 16:35:21', '0000-00-00 00:00:00'),
	(44, 1, 1, '2020-07-05 16:40:23', '2020-07-05 16:40:23', '0000-00-00 00:00:00'),
	(45, 1, 1, '2020-07-05 16:45:26', '2020-07-05 16:45:26', '0000-00-00 00:00:00'),
	(46, 1, 1, '2020-07-05 17:41:19', '2020-07-05 17:41:19', '0000-00-00 00:00:00'),
	(47, 1, 1, '2020-07-05 21:04:15', '2020-07-05 21:04:15', '0000-00-00 00:00:00'),
	(48, 1, 1, '2020-07-05 21:04:20', '2020-07-05 21:04:20', '0000-00-00 00:00:00'),
	(49, 1, 1, '2020-07-05 21:04:27', '2020-07-05 21:04:27', '0000-00-00 00:00:00'),
	(50, 1, 1, '2020-07-05 21:09:32', '2020-07-05 21:09:32', '0000-00-00 00:00:00'),
	(51, 1, 1, '2020-07-05 21:16:43', '2020-07-05 21:16:43', '0000-00-00 00:00:00'),
	(52, 1, 1, '2020-07-05 21:27:45', '2020-07-05 21:27:45', '0000-00-00 00:00:00'),
	(53, 1, 1, '2020-07-05 21:29:44', '2020-07-05 21:29:44', '0000-00-00 00:00:00'),
	(54, 1, 1, '2020-07-05 21:29:51', '2020-07-05 21:29:51', '0000-00-00 00:00:00'),
	(55, 1, 1, '2020-07-05 21:37:38', '2020-07-05 21:37:38', '0000-00-00 00:00:00'),
	(56, 1, 1, '2020-07-05 21:37:41', '2020-07-05 21:37:41', '0000-00-00 00:00:00'),
	(57, 1, 1, '2020-07-05 21:39:09', '2020-07-05 21:39:09', '0000-00-00 00:00:00'),
	(58, 1, 1, '2020-07-05 21:46:57', '2020-07-05 21:46:57', '0000-00-00 00:00:00'),
	(59, 1, 1, '2020-07-05 21:47:38', '2020-07-05 21:47:38', '0000-00-00 00:00:00'),
	(60, 1, 1, '2020-07-05 21:48:06', '2020-07-05 21:48:06', '0000-00-00 00:00:00'),
	(61, 1, 1, '2020-07-05 21:48:14', '2020-07-05 21:48:14', '0000-00-00 00:00:00'),
	(62, 1, 1, '2020-07-05 21:55:23', '2020-07-05 21:55:23', '0000-00-00 00:00:00'),
	(63, 1, 1, '2020-07-05 21:56:57', '2020-07-05 21:56:57', '0000-00-00 00:00:00'),
	(64, 1, 1, '2020-07-05 21:57:01', '2020-07-05 21:57:01', '0000-00-00 00:00:00'),
	(65, 1, 1, '2020-07-06 20:34:15', '2020-07-06 20:34:15', '0000-00-00 00:00:00'),
	(66, 1, 1, '2020-07-06 20:47:01', '2020-07-06 20:47:01', '0000-00-00 00:00:00'),
	(67, 1, 1, '2020-07-06 20:47:42', '2020-07-06 20:47:42', '0000-00-00 00:00:00'),
	(68, 1, 1, '2020-07-07 07:16:36', '2020-07-07 07:16:36', '0000-00-00 00:00:00'),
	(69, 51, 1, '2020-07-07 07:21:00', '2020-07-07 07:21:00', '0000-00-00 00:00:00'),
	(70, 1, 1, '2020-07-07 23:14:14', '2020-07-07 23:14:14', '0000-00-00 00:00:00'),
	(71, 1, 1, '2020-07-09 15:17:59', '2020-07-09 15:17:59', '0000-00-00 00:00:00'),
	(72, 1, 1, '2020-07-09 22:16:10', '2020-07-09 22:16:10', '0000-00-00 00:00:00'),
	(73, 43, 1, '2020-07-09 22:16:38', '2020-07-09 22:16:38', '0000-00-00 00:00:00'),
	(74, 1, 1, '2020-07-10 09:04:00', '2020-07-10 09:04:00', '0000-00-00 00:00:00'),
	(75, 43, 1, '2020-07-10 09:04:18', '2020-07-10 09:04:18', '0000-00-00 00:00:00'),
	(76, 1, 1, '2020-07-10 09:17:34', '2020-07-10 09:17:34', '0000-00-00 00:00:00'),
	(77, 52, 2, '2020-07-10 09:45:18', '2020-07-10 09:45:18', '0000-00-00 00:00:00'),
	(78, 52, 2, '2020-07-10 09:53:03', '2020-07-10 09:53:03', '0000-00-00 00:00:00'),
	(79, 1, 1, '2020-07-10 10:55:22', '2020-07-10 10:55:22', '0000-00-00 00:00:00'),
	(80, 52, 2, '2020-07-10 11:09:29', '2020-07-10 11:09:29', '0000-00-00 00:00:00'),
	(81, 1, 1, '2020-07-10 12:00:12', '2020-07-10 12:00:12', '0000-00-00 00:00:00'),
	(82, 43, 1, '2020-07-10 12:53:54', '2020-07-10 12:53:54', '0000-00-00 00:00:00'),
	(83, 52, 2, '2020-07-10 12:54:53', '2020-07-10 12:54:53', '0000-00-00 00:00:00'),
	(84, 55, 2, '2020-07-10 13:18:41', '2020-07-10 13:18:41', '0000-00-00 00:00:00'),
	(85, 52, 2, '2020-07-10 14:02:46', '2020-07-10 14:02:46', '0000-00-00 00:00:00'),
	(86, 52, 2, '2020-07-10 14:08:01', '2020-07-10 14:08:01', '0000-00-00 00:00:00'),
	(87, 1, 1, '2020-07-10 15:10:36', '2020-07-10 15:10:36', '0000-00-00 00:00:00'),
	(88, 52, 2, '2020-07-10 15:19:14', '2020-07-10 15:19:14', '0000-00-00 00:00:00'),
	(89, 52, 2, '2020-07-10 16:22:05', '2020-07-10 16:22:05', '0000-00-00 00:00:00'),
	(90, 52, 2, '2020-07-10 17:21:41', '2020-07-10 17:21:41', '0000-00-00 00:00:00'),
	(91, 1, 1, '2020-07-11 10:51:55', '2020-07-11 10:51:55', '0000-00-00 00:00:00'),
	(92, 35, 1, '2020-07-11 10:57:46', '2020-07-11 10:57:46', '0000-00-00 00:00:00'),
	(93, 43, 1, '2020-07-11 11:36:18', '2020-07-11 11:36:18', '0000-00-00 00:00:00'),
	(94, 35, 1, '2020-07-11 11:46:25', '2020-07-11 11:46:25', '0000-00-00 00:00:00'),
	(95, 36, 1, '2020-07-11 11:47:17', '2020-07-11 11:47:17', '0000-00-00 00:00:00'),
	(96, 43, 1, '2020-07-11 11:56:47', '2020-07-11 11:56:47', '0000-00-00 00:00:00'),
	(97, 1, 1, '2020-07-11 12:08:10', '2020-07-11 12:08:10', '0000-00-00 00:00:00'),
	(98, 1, 1, '2020-07-11 13:10:43', '2020-07-11 13:10:43', '0000-00-00 00:00:00'),
	(99, 1, 1, '2020-07-11 14:14:51', '2020-07-11 14:14:51', '0000-00-00 00:00:00'),
	(100, 1, 1, '2020-07-11 15:14:09', '2020-07-11 15:14:09', '0000-00-00 00:00:00'),
	(101, 1, 1, '2020-07-11 15:19:01', '2020-07-11 15:19:01', '0000-00-00 00:00:00'),
	(102, 1, 1, '2020-07-11 18:58:51', '2020-07-11 18:58:51', '0000-00-00 00:00:00'),
	(103, 1, 1, '2020-07-11 20:01:32', '2020-07-11 20:01:32', '0000-00-00 00:00:00'),
	(104, 1, 1, '2020-07-11 22:13:20', '2020-07-11 22:13:20', '0000-00-00 00:00:00'),
	(105, 1, 1, '2020-07-12 11:12:08', '2020-07-12 11:12:08', '0000-00-00 00:00:00'),
	(106, 1, 1, '2020-07-12 12:12:11', '2020-07-12 12:12:11', '0000-00-00 00:00:00'),
	(107, 1, 1, '2020-07-12 12:20:04', '2020-07-12 12:20:04', '0000-00-00 00:00:00'),
	(108, 1, 1, '2020-07-12 12:26:42', '2020-07-12 12:26:42', '0000-00-00 00:00:00'),
	(109, 1, 1, '2020-07-12 12:28:26', '2020-07-12 12:28:26', '0000-00-00 00:00:00'),
	(110, 1, 1, '2020-07-12 19:35:18', '2020-07-12 19:35:18', '0000-00-00 00:00:00'),
	(111, 43, 1, '2020-07-12 20:46:49', '2020-07-12 20:46:49', '0000-00-00 00:00:00'),
	(112, 1, 1, '2020-07-14 20:28:27', '2020-07-14 20:28:27', '0000-00-00 00:00:00'),
	(113, 1, 1, '2020-07-14 21:07:40', '2020-07-14 21:07:40', '0000-00-00 00:00:00'),
	(114, 43, 1, '2020-07-15 17:15:02', '2020-07-15 17:15:02', '0000-00-00 00:00:00'),
	(115, 43, 1, '2020-07-15 18:15:11', '2020-07-15 18:15:11', '0000-00-00 00:00:00'),
	(116, 43, 1, '2020-07-15 22:02:24', '2020-07-15 22:02:24', '0000-00-00 00:00:00'),
	(117, 43, 1, '2020-07-17 20:06:25', '2020-07-17 20:06:25', '0000-00-00 00:00:00'),
	(118, 1, 1, '2020-07-17 20:24:41', '2020-07-17 20:24:41', '0000-00-00 00:00:00'),
	(119, 43, 1, '2020-07-18 20:04:30', '2020-07-18 20:04:30', '0000-00-00 00:00:00'),
	(120, 43, 1, '2020-07-19 09:18:44', '2020-07-19 09:18:44', '0000-00-00 00:00:00'),
	(121, 43, 1, '2020-07-19 09:20:07', '2020-07-19 09:20:07', '0000-00-00 00:00:00'),
	(122, 56, 3, '2020-07-19 09:21:11', '2020-07-19 09:21:11', '0000-00-00 00:00:00'),
	(123, 1, 1, '2020-07-19 11:10:17', '2020-07-19 11:10:17', '0000-00-00 00:00:00'),
	(124, 43, 1, '2020-07-19 13:43:21', '2020-07-19 13:43:21', '0000-00-00 00:00:00'),
	(125, 43, 1, '2020-07-19 17:38:39', '2020-07-19 17:38:39', '0000-00-00 00:00:00'),
	(126, 43, 1, '2020-07-19 19:05:13', '2020-07-19 19:05:13', '0000-00-00 00:00:00'),
	(127, 43, 1, '2020-07-19 19:32:44', '2020-07-19 19:32:44', '0000-00-00 00:00:00'),
	(128, 43, 1, '2020-07-19 21:09:48', '2020-07-19 21:09:48', '0000-00-00 00:00:00'),
	(129, 43, 1, '2020-07-19 22:05:52', '2020-07-19 22:05:52', '0000-00-00 00:00:00'),
	(130, 43, 1, '2020-07-19 22:10:00', '2020-07-19 22:10:00', '0000-00-00 00:00:00'),
	(131, 1, 1, '2020-07-21 03:06:16', '2020-07-21 03:06:16', '0000-00-00 00:00:00'),
	(132, 1, 1, '2020-07-21 09:46:41', '2020-07-21 09:46:41', '0000-00-00 00:00:00'),
	(133, 43, 1, '2020-07-21 10:54:06', '2020-07-21 10:54:06', '0000-00-00 00:00:00'),
	(134, 43, 1, '2020-07-21 10:57:49', '2020-07-21 10:57:49', '0000-00-00 00:00:00'),
	(135, 43, 1, '2020-07-21 12:12:25', '2020-07-21 12:12:25', '0000-00-00 00:00:00'),
	(136, 43, 1, '2020-07-21 13:45:12', '2020-07-21 13:45:12', '0000-00-00 00:00:00'),
	(137, 57, 1, '2020-07-21 13:55:03', '2020-07-21 13:55:03', '0000-00-00 00:00:00'),
	(138, 58, 4, '2020-07-21 14:03:23', '2020-07-21 14:03:23', '0000-00-00 00:00:00'),
	(139, 58, 4, '2020-07-21 14:05:17', '2020-07-21 14:05:17', '0000-00-00 00:00:00'),
	(140, 57, 1, '2020-07-21 14:07:11', '2020-07-21 14:07:11', '0000-00-00 00:00:00'),
	(141, 58, 4, '2020-07-21 14:08:34', '2020-07-21 14:08:34', '0000-00-00 00:00:00'),
	(142, 58, 4, '2020-07-21 14:13:22', '2020-07-21 14:13:22', '0000-00-00 00:00:00'),
	(144, 58, 4, '2020-07-21 14:36:00', '2020-07-21 14:36:00', '0000-00-00 00:00:00'),
	(145, 58, 4, '2020-07-21 15:43:10', '2020-07-21 15:43:10', '0000-00-00 00:00:00'),
	(146, 43, 1, '2020-07-21 15:50:50', '2020-07-21 15:50:50', '0000-00-00 00:00:00'),
	(147, 43, 1, '2020-07-21 16:52:42', '2020-07-21 16:52:42', '0000-00-00 00:00:00'),
	(148, 1, 1, '2020-07-21 17:53:37', '2020-07-21 17:53:37', '0000-00-00 00:00:00'),
	(149, 43, 1, '2020-07-21 18:03:32', '2020-07-21 18:03:32', '0000-00-00 00:00:00'),
	(150, 58, 4, '2020-07-21 18:04:13', '2020-07-21 18:04:13', '0000-00-00 00:00:00'),
	(151, 58, 4, '2020-07-21 18:06:14', '2020-07-21 18:06:14', '0000-00-00 00:00:00'),
	(152, 57, 1, '2020-07-21 18:27:11', '2020-07-21 18:27:11', '0000-00-00 00:00:00'),
	(153, 1, 1, '2020-07-21 20:29:37', '2020-07-21 20:29:37', '0000-00-00 00:00:00'),
	(154, 43, 1, '2020-07-21 20:46:02', '2020-07-21 20:46:02', '0000-00-00 00:00:00'),
	(155, 61, 4, '2020-07-21 21:17:16', '2020-07-21 21:17:16', '0000-00-00 00:00:00'),
	(156, 58, 4, '2020-07-21 22:35:30', '2020-07-21 22:35:30', '0000-00-00 00:00:00'),
	(157, 58, 4, '2020-07-22 09:02:46', '2020-07-22 09:02:46', '0000-00-00 00:00:00'),
	(158, 58, 4, '2020-07-22 16:29:07', '2020-07-22 16:29:07', '0000-00-00 00:00:00'),
	(159, 58, 4, '2020-07-22 20:43:43', '2020-07-22 20:43:43', '0000-00-00 00:00:00'),
	(160, 43, 1, '2020-07-22 20:57:03', '2020-07-22 20:57:03', '0000-00-00 00:00:00'),
	(161, 57, 1, '2020-07-22 21:27:36', '2020-07-22 21:27:36', '0000-00-00 00:00:00'),
	(162, 58, 4, '2020-07-22 21:30:14', '2020-07-22 21:30:14', '0000-00-00 00:00:00'),
	(163, 58, 4, '2020-07-22 21:31:27', '2020-07-22 21:31:27', '0000-00-00 00:00:00'),
	(164, 57, 1, '2020-07-22 21:35:24', '2020-07-22 21:35:24', '0000-00-00 00:00:00'),
	(165, 43, 1, '2020-07-22 21:36:13', '2020-07-22 21:36:13', '0000-00-00 00:00:00'),
	(166, 1, 1, '2020-07-22 22:20:20', '2020-07-22 22:20:20', '0000-00-00 00:00:00'),
	(167, 43, 1, '2020-07-22 22:20:45', '2020-07-22 22:20:45', '0000-00-00 00:00:00'),
	(168, 43, 1, '2020-07-22 22:45:09', '2020-07-22 22:45:09', '0000-00-00 00:00:00'),
	(169, 1, 1, '2020-07-23 07:25:25', '2020-07-23 07:25:25', '0000-00-00 00:00:00'),
	(170, 43, 1, '2020-07-23 09:49:35', '2020-07-23 09:49:35', '0000-00-00 00:00:00'),
	(171, 1, 1, '2020-07-23 21:09:06', '2020-07-23 21:09:06', '0000-00-00 00:00:00'),
	(172, 1, 1, '2020-07-23 22:13:33', '2020-07-23 22:13:33', '0000-00-00 00:00:00'),
	(173, 43, 1, '2020-07-23 22:33:56', '2020-07-23 22:33:56', '0000-00-00 00:00:00'),
	(174, 43, 1, '2020-07-24 09:24:15', '2020-07-24 09:24:15', '0000-00-00 00:00:00'),
	(175, 43, 1, '2020-07-24 20:57:55', '2020-07-24 20:57:55', '0000-00-00 00:00:00'),
	(176, 2, 1, '2020-07-24 21:26:14', '2020-07-24 21:26:14', '0000-00-00 00:00:00'),
	(177, 58, 4, '2020-07-25 10:14:31', '2020-07-25 10:14:31', '0000-00-00 00:00:00'),
	(178, 58, 4, '2020-07-25 10:22:02', '2020-07-25 10:22:02', '0000-00-00 00:00:00'),
	(179, 1, 1, '2020-07-25 10:35:44', '2020-07-25 10:35:44', '0000-00-00 00:00:00'),
	(180, 1, 1, '2020-07-25 13:14:33', '2020-07-25 13:14:33', '0000-00-00 00:00:00'),
	(181, 1, 1, '2020-07-25 19:23:17', '2020-07-25 19:23:17', '0000-00-00 00:00:00'),
	(182, 1, 1, '2020-07-25 23:08:45', '2020-07-25 23:08:45', '0000-00-00 00:00:00'),
	(183, 1, 1, '2020-07-26 01:29:42', '2020-07-26 01:29:42', '0000-00-00 00:00:00'),
	(184, 1, 1, '2020-07-26 11:38:30', '2020-07-26 11:38:30', '0000-00-00 00:00:00'),
	(185, 1, 1, '2020-07-26 12:57:22', '2020-07-26 12:57:22', '0000-00-00 00:00:00'),
	(186, 1, 1, '2020-07-26 13:55:22', '2020-07-26 13:55:22', '0000-00-00 00:00:00'),
	(187, 1, 1, '2020-07-26 14:41:10', '2020-07-26 14:41:10', '0000-00-00 00:00:00'),
	(188, 1, 1, '2020-07-26 14:43:29', '2020-07-26 14:43:29', '0000-00-00 00:00:00'),
	(189, 1, 1, '2020-07-26 14:48:47', '2020-07-26 14:48:47', '0000-00-00 00:00:00'),
	(190, 1, 1, '2020-07-27 09:52:55', '2020-07-27 09:52:55', '0000-00-00 00:00:00'),
	(191, 1, 1, '2020-07-28 22:22:56', '2020-07-28 22:22:56', '0000-00-00 00:00:00'),
	(192, 1, 1, '2020-07-29 09:11:20', '2020-07-29 09:11:20', '0000-00-00 00:00:00'),
	(193, 1, 1, '2020-07-30 05:18:10', '2020-07-30 05:18:10', '0000-00-00 00:00:00'),
	(194, 1, 1, '2020-07-30 16:12:16', '2020-07-30 16:12:16', '0000-00-00 00:00:00'),
	(195, 1, 1, '2020-07-30 17:16:24', '2020-07-30 17:16:24', '0000-00-00 00:00:00'),
	(196, 1, 1, '2020-07-30 18:16:51', '2020-07-30 18:16:51', '0000-00-00 00:00:00'),
	(197, 1, 1, '2020-07-30 19:39:50', '2020-07-30 19:39:50', '0000-00-00 00:00:00'),
	(198, 1, 1, '2020-07-31 17:28:58', '2020-07-31 17:28:58', '0000-00-00 00:00:00'),
	(199, 1, 1, '2020-07-31 19:23:54', '2020-07-31 19:23:54', '0000-00-00 00:00:00'),
	(200, 1, 1, '2020-07-31 21:25:43', '2020-07-31 21:25:43', '0000-00-00 00:00:00'),
	(201, 1, 1, '2020-07-31 22:30:26', '2020-07-31 22:30:26', '0000-00-00 00:00:00'),
	(202, 1, 1, '2020-07-31 23:31:13', '2020-07-31 23:31:13', '0000-00-00 00:00:00'),
	(203, 1, 1, '2020-08-01 00:36:07', '2020-08-01 00:36:07', '0000-00-00 00:00:00'),
	(204, 1, 1, '2020-08-01 12:13:33', '2020-08-01 12:13:33', '0000-00-00 00:00:00'),
	(205, 1, 1, '2020-08-01 14:12:34', '2020-08-01 14:12:34', '0000-00-00 00:00:00'),
	(206, 1, 1, '2020-08-02 01:05:02', '2020-08-02 01:05:02', '0000-00-00 00:00:00'),
	(207, 1, 1, '2020-08-03 20:37:33', '2020-08-03 20:37:33', '0000-00-00 00:00:00'),
	(208, 1, 1, '2020-08-03 21:37:53', '2020-08-03 21:37:53', '0000-00-00 00:00:00'),
	(209, 1, 1, '2020-08-04 16:58:00', '2020-08-04 16:58:00', '0000-00-00 00:00:00'),
	(210, 1, 1, '2020-08-04 17:48:54', '2020-08-04 17:48:54', '0000-00-00 00:00:00'),
	(211, 1, 1, '2020-08-04 22:06:23', '2020-08-04 22:06:23', '0000-00-00 00:00:00'),
	(212, 1, 1, '2020-08-05 09:12:27', '2020-08-05 09:12:27', '0000-00-00 00:00:00'),
	(213, 1, 1, '2020-08-05 10:24:03', '2020-08-05 10:24:03', '0000-00-00 00:00:00'),
	(214, 1, 1, '2020-08-05 11:24:33', '2020-08-05 11:24:33', '0000-00-00 00:00:00'),
	(215, 1, 1, '2020-08-05 20:17:41', '2020-08-05 20:17:41', '0000-00-00 00:00:00'),
	(216, 1, 1, '2020-08-05 21:24:43', '2020-08-05 21:24:43', '0000-00-00 00:00:00'),
	(217, 1, 1, '2020-08-06 08:51:13', '2020-08-06 08:51:13', '0000-00-00 00:00:00'),
	(218, 1, 1, '2020-08-06 09:26:18', '2020-08-06 09:26:18', '0000-00-00 00:00:00'),
	(219, 1, 1, '2020-08-06 10:27:49', '2020-08-06 10:27:49', '0000-00-00 00:00:00'),
	(220, 1, 1, '2020-08-06 12:49:16', '2020-08-06 12:49:16', '0000-00-00 00:00:00'),
	(221, 1, 1, '2020-08-08 11:50:52', '2020-08-08 11:50:52', '0000-00-00 00:00:00'),
	(222, 1, 1, '2020-08-08 23:32:38', '2020-08-08 23:32:38', '0000-00-00 00:00:00'),
	(223, 1, 1, '2020-08-09 00:46:25', '2020-08-09 00:46:25', '0000-00-00 00:00:00'),
	(224, 1, 1, '2020-08-09 09:36:19', '2020-08-09 09:36:19', '0000-00-00 00:00:00'),
	(225, 1, 1, '2020-08-09 10:42:56', '2020-08-09 10:42:56', '0000-00-00 00:00:00'),
	(226, 1, 1, '2020-08-13 15:38:02', '2020-08-13 15:38:02', '0000-00-00 00:00:00'),
	(227, 1, 1, '2020-08-13 16:39:00', '2020-08-13 16:39:00', '0000-00-00 00:00:00'),
	(228, 1, 1, '2020-08-13 17:42:58', '2020-08-13 17:42:58', '0000-00-00 00:00:00'),
	(229, 57, 1, '2020-08-14 16:20:47', '2020-08-14 16:20:47', '0000-00-00 00:00:00'),
	(230, 57, 1, '2020-08-14 16:45:51', '2020-08-14 16:45:51', '0000-00-00 00:00:00'),
	(231, 57, 1, '2020-08-14 16:46:12', '2020-08-14 16:46:12', '0000-00-00 00:00:00'),
	(232, 57, 1, '2020-08-14 18:26:11', '2020-08-14 18:26:11', '0000-00-00 00:00:00'),
	(233, 1, 1, '2020-08-14 20:10:29', '2020-08-14 20:10:29', '0000-00-00 00:00:00'),
	(234, 1, 1, '2020-08-14 20:26:23', '2020-08-14 20:26:23', '0000-00-00 00:00:00'),
	(235, 57, 1, '2020-08-14 20:47:43', '2020-08-14 20:47:43', '0000-00-00 00:00:00'),
	(236, 36, 1, '2020-08-14 20:57:14', '2020-08-14 20:57:14', '0000-00-00 00:00:00'),
	(237, 1, 1, '2020-08-14 20:59:03', '2020-08-14 20:59:03', '0000-00-00 00:00:00'),
	(238, 36, 1, '2020-08-14 20:59:26', '2020-08-14 20:59:26', '0000-00-00 00:00:00'),
	(239, 1, 1, '2020-08-14 20:59:57', '2020-08-14 20:59:57', '0000-00-00 00:00:00'),
	(240, 57, 1, '2020-08-14 21:17:22', '2020-08-14 21:17:22', '0000-00-00 00:00:00'),
	(241, 57, 1, '2020-08-14 21:46:26', '2020-08-14 21:46:26', '0000-00-00 00:00:00'),
	(242, 1, 1, '2020-08-16 13:39:47', '2020-08-16 13:39:47', '0000-00-00 00:00:00'),
	(243, 43, 1, '2020-08-16 13:42:18', '2020-08-16 13:42:18', '0000-00-00 00:00:00'),
	(244, 43, 1, '2020-08-16 13:43:04', '2020-08-16 13:43:04', '0000-00-00 00:00:00'),
	(245, 43, 1, '2020-08-16 13:44:42', '2020-08-16 13:44:42', '0000-00-00 00:00:00'),
	(246, 1, 1, '2020-08-17 08:17:39', '2020-08-17 08:17:39', '0000-00-00 00:00:00'),
	(247, 1, 1, '2020-08-18 11:03:56', '2020-08-18 11:03:56', '0000-00-00 00:00:00'),
	(248, 36, 1, '2020-08-18 11:07:16', '2020-08-18 11:07:16', '0000-00-00 00:00:00'),
	(249, 1, 1, '2020-08-18 11:08:38', '2020-08-18 11:08:38', '0000-00-00 00:00:00'),
	(250, 1, 1, '2020-08-18 17:27:32', '2020-08-18 17:27:32', '0000-00-00 00:00:00'),
	(251, 1, 1, '2020-08-18 18:27:59', '2020-08-18 18:27:59', '0000-00-00 00:00:00'),
	(252, 1, 1, '2020-08-19 09:05:31', '2020-08-19 09:05:31', '0000-00-00 00:00:00'),
	(253, 1, 1, '2020-08-19 09:08:23', '2020-08-19 09:08:23', '0000-00-00 00:00:00'),
	(254, 1, 1, '2020-08-19 15:51:27', '2020-08-19 15:51:27', '0000-00-00 00:00:00'),
	(255, 1, 1, '2020-08-19 16:52:17', '2020-08-19 16:52:17', '0000-00-00 00:00:00'),
	(256, 1, 1, '2020-08-19 19:51:37', '2020-08-19 19:51:37', '0000-00-00 00:00:00'),
	(257, 57, 1, '2020-08-19 20:12:24', '2020-08-19 20:12:24', '0000-00-00 00:00:00'),
	(258, 1, 1, '2020-08-20 14:09:25', '2020-08-20 14:09:25', '0000-00-00 00:00:00'),
	(259, 1, 1, '2020-08-20 17:11:43', '2020-08-20 17:11:43', '0000-00-00 00:00:00'),
	(260, 1, 1, '2020-08-20 18:23:35', '2020-08-20 18:23:35', '0000-00-00 00:00:00'),
	(261, 1, 1, '2020-08-21 15:10:14', '2020-08-21 15:10:14', '0000-00-00 00:00:00'),
	(262, 1, 1, '2020-08-21 15:24:40', '2020-08-21 15:24:40', '0000-00-00 00:00:00'),
	(263, 1, 1, '2020-08-21 15:27:21', '2020-08-21 15:27:21', '0000-00-00 00:00:00'),
	(264, 1, 1, '2020-08-21 15:51:20', '2020-08-21 15:51:20', '0000-00-00 00:00:00'),
	(265, 1, 1, '2020-08-21 15:54:02', '2020-08-21 15:54:02', '0000-00-00 00:00:00'),
	(266, 1, 1, '2020-08-21 15:55:49', '2020-08-21 15:55:49', '0000-00-00 00:00:00'),
	(267, 1, 1, '2020-08-21 15:56:25', '2020-08-21 15:56:25', '0000-00-00 00:00:00'),
	(268, 1, 1, '2020-08-21 15:59:29', '2020-08-21 15:59:29', '0000-00-00 00:00:00'),
	(269, 1, 1, '2020-08-21 16:03:04', '2020-08-21 16:03:04', '0000-00-00 00:00:00'),
	(270, 1, 1, '2020-08-21 16:10:05', '2020-08-21 16:10:05', '0000-00-00 00:00:00'),
	(271, 1, 1, '2020-08-21 16:12:30', '2020-08-21 16:12:30', '0000-00-00 00:00:00'),
	(272, 1, 1, '2020-08-21 16:15:22', '2020-08-21 16:15:22', '0000-00-00 00:00:00'),
	(273, 1, 1, '2020-08-21 17:21:54', '2020-08-21 17:21:54', '0000-00-00 00:00:00'),
	(274, 1, 1, '2020-08-21 17:26:10', '2020-08-21 17:26:10', '0000-00-00 00:00:00'),
	(275, 1, 1, '2020-08-21 17:55:24', '2020-08-21 17:55:24', '0000-00-00 00:00:00'),
	(276, 1, 1, '2020-08-21 17:56:34', '2020-08-21 17:56:34', '0000-00-00 00:00:00'),
	(277, 1, 1, '2020-08-21 22:31:08', '2020-08-21 22:31:08', '0000-00-00 00:00:00'),
	(278, 1, 1, '2020-08-21 22:48:18', '2020-08-21 22:48:18', '0000-00-00 00:00:00'),
	(279, 1, 1, '2020-08-21 22:51:42', '2020-08-21 22:51:42', '0000-00-00 00:00:00'),
	(280, 1, 1, '2020-08-21 23:01:44', '2020-08-21 23:01:44', '0000-00-00 00:00:00'),
	(281, 1, 1, '2020-08-21 23:10:33', '2020-08-21 23:10:33', '0000-00-00 00:00:00'),
	(282, 1, 1, '2020-08-21 23:11:39', '2020-08-21 23:11:39', '0000-00-00 00:00:00'),
	(283, 1, 1, '2020-08-21 23:16:35', '2020-08-21 23:16:35', '0000-00-00 00:00:00'),
	(284, 1, 1, '2020-08-21 23:17:39', '2020-08-21 23:17:39', '0000-00-00 00:00:00'),
	(285, 1, 1, '2020-08-21 23:20:00', '2020-08-21 23:20:00', '0000-00-00 00:00:00'),
	(286, 1, 1, '2020-08-21 23:20:21', '2020-08-21 23:20:21', '0000-00-00 00:00:00'),
	(287, 1, 1, '2020-08-21 23:25:28', '2020-08-21 23:25:28', '0000-00-00 00:00:00'),
	(288, 1, 1, '2020-08-21 23:26:17', '2020-08-21 23:26:17', '0000-00-00 00:00:00'),
	(289, 1, 1, '2020-08-21 23:28:04', '2020-08-21 23:28:04', '0000-00-00 00:00:00'),
	(290, 1, 1, '2020-08-21 23:31:40', '2020-08-21 23:31:40', '0000-00-00 00:00:00'),
	(291, 1, 1, '2020-08-21 23:35:13', '2020-08-21 23:35:13', '0000-00-00 00:00:00'),
	(292, 1, 1, '2020-08-21 23:39:44', '2020-08-21 23:39:44', '0000-00-00 00:00:00'),
	(293, 1, 1, '2020-08-23 00:51:23', '2020-08-23 00:51:23', '0000-00-00 00:00:00'),
	(294, 1, 1, '2020-08-24 09:44:24', '2020-08-24 09:44:24', '0000-00-00 00:00:00'),
	(295, 57, 1, '2020-08-24 18:36:26', '2020-08-24 18:36:26', '0000-00-00 00:00:00'),
	(296, 57, 1, '2020-08-26 20:28:10', '2020-08-26 20:28:10', '0000-00-00 00:00:00'),
	(297, 1, 1, '2020-08-29 01:40:57', '2020-08-29 01:40:57', '0000-00-00 00:00:00'),
	(298, 1, 1, '2020-09-01 09:13:33', '2020-09-01 09:13:33', '0000-00-00 00:00:00'),
	(299, 1, 1, '2020-09-01 13:52:34', '2020-09-01 13:52:34', '0000-00-00 00:00:00'),
	(300, 1, 1, '2020-09-02 14:35:55', '2020-09-02 14:35:55', '0000-00-00 00:00:00'),
	(301, 1, 1, '2020-09-02 14:48:10', '2020-09-02 14:48:10', '0000-00-00 00:00:00'),
	(302, 1, 1, '2020-09-02 15:37:52', '2020-09-02 15:37:52', '0000-00-00 00:00:00'),
	(303, 57, 1, '2020-09-02 20:18:25', '2020-09-02 20:18:25', '0000-00-00 00:00:00'),
	(304, 1, 1, '2020-09-03 15:04:14', '2020-09-03 15:04:14', '0000-00-00 00:00:00'),
	(305, 1, 1, '2020-09-03 16:05:00', '2020-09-03 16:05:00', '0000-00-00 00:00:00'),
	(306, 1, 1, '2020-09-04 09:55:22', '2020-09-04 09:55:22', '0000-00-00 00:00:00'),
	(307, 1, 1, '2020-09-04 11:03:51', '2020-09-04 11:03:51', '0000-00-00 00:00:00'),
	(308, 1, 1, '2020-09-04 11:22:15', '2020-09-04 11:22:15', '0000-00-00 00:00:00'),
	(309, 1, 1, '2020-09-04 14:14:49', '2020-09-04 14:14:49', '0000-00-00 00:00:00'),
	(310, 1, 1, '2020-09-04 15:47:23', '2020-09-04 15:47:23', '0000-00-00 00:00:00'),
	(311, 1, 1, '2020-09-04 16:48:38', '2020-09-04 16:48:38', '0000-00-00 00:00:00'),
	(312, 1, 1, '2020-09-04 17:50:51', '2020-09-04 17:50:51', '0000-00-00 00:00:00'),
	(313, 57, 1, '2020-09-04 19:59:15', '2020-09-04 19:59:15', '0000-00-00 00:00:00'),
	(314, 1, 1, '2020-09-05 13:03:46', '2020-09-05 13:03:46', '0000-00-00 00:00:00'),
	(315, 1, 1, '2020-09-18 15:51:31', '2020-09-18 15:51:31', '0000-00-00 00:00:00'),
	(316, 1, 1, '2020-09-18 19:45:21', '2020-09-18 19:45:21', '0000-00-00 00:00:00'),
	(317, 1, 1, '2020-09-19 11:30:16', '2020-09-19 11:30:16', '0000-00-00 00:00:00'),
	(318, 35, 1, '2020-09-19 11:30:59', '2020-09-19 11:30:59', '0000-00-00 00:00:00'),
	(319, 1, 1, '2020-09-21 17:30:11', '2020-09-21 17:30:11', '0000-00-00 00:00:00'),
	(320, 1, 1, '2020-09-22 09:41:44', '2020-09-22 09:41:44', '0000-00-00 00:00:00'),
	(321, 57, 1, '2020-09-22 14:00:03', '2020-09-22 14:00:03', '0000-00-00 00:00:00'),
	(322, 1, 1, '2020-09-24 13:32:17', '2020-09-24 13:32:17', '0000-00-00 00:00:00'),
	(323, 1, 1, '2020-09-24 14:34:14', '2020-09-24 14:34:14', '0000-00-00 00:00:00'),
	(324, 1, 1, '2020-09-25 10:47:23', '2020-09-25 10:47:23', '0000-00-00 00:00:00'),
	(325, 1, 1, '2020-10-01 16:18:00', '2020-10-01 16:18:00', '0000-00-00 00:00:00'),
	(326, 1, 1, '2020-10-01 17:29:41', '2020-10-01 17:29:41', '0000-00-00 00:00:00'),
	(327, 1, 1, '2020-10-13 14:27:36', '2020-10-13 14:27:36', '0000-00-00 00:00:00'),
	(328, 1, 1, '2020-10-13 15:34:14', '2020-10-13 15:34:14', '0000-00-00 00:00:00'),
	(329, 1, 1, '2020-10-15 11:51:10', '2020-10-15 11:51:10', '0000-00-00 00:00:00'),
	(330, 1, 1, '2020-10-15 11:53:35', '2020-10-15 11:53:35', '0000-00-00 00:00:00'),
	(331, 1, 1, '2020-10-15 13:40:39', '2020-10-15 13:40:39', '0000-00-00 00:00:00'),
	(332, 1, 1, '2020-10-15 13:40:35', '2020-10-15 13:40:35', '0000-00-00 00:00:00'),
	(333, 1, 1, '2020-10-15 14:34:10', '2020-10-15 14:34:10', '0000-00-00 00:00:00'),
	(334, 1, 1, '2020-10-17 09:43:22', '2020-10-17 09:43:22', '0000-00-00 00:00:00'),
	(335, 1, 1, '2020-10-17 10:11:09', '2020-10-17 10:11:09', '0000-00-00 00:00:00'),
	(336, 1, 1, '2020-10-21 10:05:56', '2020-10-21 10:05:56', '0000-00-00 00:00:00'),
	(337, 57, 1, '2020-10-25 20:14:58', '2020-10-25 20:14:58', '0000-00-00 00:00:00'),
	(338, 1, 1, '2020-10-25 20:17:03', '2020-10-25 20:17:03', '0000-00-00 00:00:00'),
	(339, 1, 1, '2020-10-25 20:52:54', '2020-10-25 20:52:54', '0000-00-00 00:00:00'),
	(340, 1, 1, '2020-10-25 21:19:31', '2020-10-25 21:19:31', '0000-00-00 00:00:00'),
	(341, 57, 1, '2020-10-25 21:22:18', '2020-10-25 21:22:18', '0000-00-00 00:00:00'),
	(342, 1, 1, '2020-10-29 13:13:53', '2020-10-29 13:13:53', '0000-00-00 00:00:00'),
	(343, 1, 1, '2020-10-29 14:38:03', '2020-10-29 14:38:03', '0000-00-00 00:00:00'),
	(344, 1, 1, '2020-10-30 00:27:43', '2020-10-30 00:27:43', '0000-00-00 00:00:00'),
	(345, 1, 1, '2020-10-30 00:40:49', '2020-10-30 00:40:49', '0000-00-00 00:00:00'),
	(346, 1, 1, '2020-10-31 14:53:40', '2020-10-31 14:53:40', '0000-00-00 00:00:00'),
	(347, 1, 1, '2020-10-31 14:59:49', '2020-10-31 14:59:49', '0000-00-00 00:00:00'),
	(348, 1, 1, '2020-11-03 17:01:05', '2020-11-03 17:01:05', '0000-00-00 00:00:00'),
	(349, 1, 1, '2020-11-03 17:02:29', '2020-11-03 17:02:29', '0000-00-00 00:00:00'),
	(350, 1, 1, '2020-11-03 20:31:17', '2020-11-03 20:31:17', '0000-00-00 00:00:00'),
	(351, 1, 1, '2020-11-03 21:41:50', '2020-11-03 21:41:50', '0000-00-00 00:00:00'),
	(352, 1, 1, '2020-11-04 15:13:14', '2020-11-04 15:13:14', '0000-00-00 00:00:00'),
	(353, 1, 1, '2020-11-04 16:20:51', '2020-11-04 16:20:51', '0000-00-00 00:00:00'),
	(354, 1, 1, '2020-11-04 17:21:31', '2020-11-04 17:21:31', '0000-00-00 00:00:00'),
	(355, 1, 1, '2020-11-04 21:29:19', '2020-11-04 21:29:19', '0000-00-00 00:00:00'),
	(356, 1, 1, '2020-11-04 22:29:44', '2020-11-04 22:29:44', '0000-00-00 00:00:00'),
	(357, 1, 1, '2020-11-05 18:17:28', '2020-11-05 18:17:28', '0000-00-00 00:00:00'),
	(358, 1, 1, '2020-11-05 19:18:25', '2020-11-05 19:18:25', '0000-00-00 00:00:00'),
	(359, 1, 1, '2020-11-05 20:20:59', '2020-11-05 20:20:59', '0000-00-00 00:00:00'),
	(360, 1, 1, '2020-11-05 21:21:44', '2020-11-05 21:21:44', '0000-00-00 00:00:00'),
	(361, 1, 1, '2020-11-05 22:22:06', '2020-11-05 22:22:06', '0000-00-00 00:00:00'),
	(362, 1, 1, '2020-11-05 23:01:42', '2020-11-05 23:01:42', '0000-00-00 00:00:00'),
	(363, 1, 1, '2020-11-05 23:23:35', '2020-11-05 23:23:35', '0000-00-00 00:00:00'),
	(364, 1, 1, '2020-11-06 08:39:48', '2020-11-06 08:39:48', '0000-00-00 00:00:00'),
	(365, 1, 1, '2020-11-06 09:37:23', '2020-11-06 09:37:23', '0000-00-00 00:00:00'),
	(366, 1, 1, '2020-11-06 13:54:22', '2020-11-06 13:54:22', '0000-00-00 00:00:00'),
	(367, 1, 1, '2020-11-06 14:44:46', '2020-11-06 14:44:46', '0000-00-00 00:00:00'),
	(368, 1, 1, '2020-11-06 14:56:27', '2020-11-06 14:56:27', '0000-00-00 00:00:00'),
	(369, 1, 1, '2020-11-06 18:51:18', '2020-11-06 18:51:18', '0000-00-00 00:00:00'),
	(370, 1, 1, '2020-11-06 20:02:41', '2020-11-06 20:02:41', '0000-00-00 00:00:00'),
	(371, 1, 1, '2020-11-06 21:31:50', '2020-11-06 21:31:50', '0000-00-00 00:00:00'),
	(372, 1, 1, '2020-11-06 22:31:35', '2020-11-06 22:31:35', '0000-00-00 00:00:00'),
	(373, 1, 1, '2020-11-06 22:32:24', '2020-11-06 22:32:24', '0000-00-00 00:00:00'),
	(374, 57, 1, '2020-11-06 22:44:06', '2020-11-06 22:44:06', '0000-00-00 00:00:00'),
	(375, 1, 1, '2020-11-06 22:59:10', '2020-11-06 22:59:10', '0000-00-00 00:00:00'),
	(376, 1, 1, '2020-11-07 00:20:02', '2020-11-07 00:20:02', '0000-00-00 00:00:00'),
	(377, 1, 1, '2020-11-07 00:35:55', '2020-11-07 00:35:55', '0000-00-00 00:00:00'),
	(378, 1, 1, '2020-11-07 01:31:20', '2020-11-07 01:31:20', '0000-00-00 00:00:00'),
	(379, 1, 1, '2020-11-07 01:48:47', '2020-11-07 01:48:47', '0000-00-00 00:00:00'),
	(380, 1, 1, '2020-11-07 01:57:54', '2020-11-07 01:57:54', '0000-00-00 00:00:00'),
	(381, 1, 1, '2020-11-07 11:06:47', '2020-11-07 11:06:47', '0000-00-00 00:00:00'),
	(382, 1, 1, '2020-11-07 11:17:21', '2020-11-07 11:17:21', '0000-00-00 00:00:00'),
	(383, 1, 1, '2020-11-07 12:07:54', '2020-11-07 12:07:54', '0000-00-00 00:00:00'),
	(384, 1, 1, '2020-11-07 12:18:33', '2020-11-07 12:18:33', '0000-00-00 00:00:00'),
	(385, 1, 1, '2020-11-07 19:53:47', '2020-11-07 19:53:47', '0000-00-00 00:00:00'),
	(386, 1, 1, '2020-11-07 20:27:36', '2020-11-07 20:27:36', '0000-00-00 00:00:00'),
	(387, 1, 1, '2020-11-07 20:33:50', '2020-11-07 20:33:50', '0000-00-00 00:00:00'),
	(388, 1, 1, '2020-11-08 09:57:05', '2020-11-08 09:57:05', '0000-00-00 00:00:00'),
	(389, 1, 1, '2020-11-08 09:59:38', '2020-11-08 09:59:38', '0000-00-00 00:00:00'),
	(390, 36, 1, '2020-11-08 10:00:23', '2020-11-08 10:00:23', '0000-00-00 00:00:00'),
	(391, 1, 1, '2020-11-08 10:59:43', '2020-11-08 10:59:43', '0000-00-00 00:00:00'),
	(392, 57, 1, '2020-11-08 19:17:42', '2020-11-08 19:17:42', '0000-00-00 00:00:00'),
	(393, 1, 1, '2020-11-08 21:23:07', '2020-11-08 21:23:07', '0000-00-00 00:00:00'),
	(394, 35, 1, '2020-11-08 21:24:58', '2020-11-08 21:24:58', '0000-00-00 00:00:00'),
	(395, 1, 1, '2020-11-08 22:00:42', '2020-11-08 22:00:42', '0000-00-00 00:00:00'),
	(396, 1, 1, '2020-11-08 22:16:08', '2020-11-08 22:16:08', '0000-00-00 00:00:00'),
	(397, 1, 1, '2020-11-09 09:19:19', '2020-11-09 09:19:19', '0000-00-00 00:00:00'),
	(398, 47, 1, '2020-11-09 09:50:54', '2020-11-09 09:50:54', '0000-00-00 00:00:00'),
	(399, 1, 1, '2020-11-09 11:28:32', '2020-11-09 11:28:32', '0000-00-00 00:00:00'),
	(400, 1, 1, '2020-11-09 13:36:36', '2020-11-09 13:36:36', '0000-00-00 00:00:00'),
	(401, 43, 1, '2020-11-09 14:13:16', '2020-11-09 14:13:16', '0000-00-00 00:00:00'),
	(402, 62, 5, '2020-11-09 14:15:46', '2020-11-09 14:15:46', '0000-00-00 00:00:00'),
	(403, 62, 5, '2020-11-09 14:29:44', '2020-11-09 14:29:44', '0000-00-00 00:00:00'),
	(404, 1, 1, '2020-11-09 14:57:37', '2020-11-09 14:57:37', '0000-00-00 00:00:00'),
	(405, 1, 1, '2020-11-09 20:01:54', '2020-11-09 20:01:54', '0000-00-00 00:00:00'),
	(406, 1, 1, '2020-11-09 20:03:26', '2020-11-09 20:03:26', '0000-00-00 00:00:00'),
	(407, 57, 1, '2020-11-09 21:02:21', '2020-11-09 21:02:21', '0000-00-00 00:00:00'),
	(408, 62, 5, '2020-11-09 23:37:46', '2020-11-09 23:37:46', '0000-00-00 00:00:00'),
	(409, 1, 1, '2020-11-09 23:45:33', '2020-11-09 23:45:33', '0000-00-00 00:00:00'),
	(410, 1, 1, '2020-11-09 23:48:45', '2020-11-09 23:48:45', '0000-00-00 00:00:00'),
	(411, 62, 5, '2020-11-10 12:30:45', '2020-11-10 12:30:45', '0000-00-00 00:00:00'),
	(412, 1, 1, '2020-11-10 18:08:41', '2020-11-10 18:08:41', '0000-00-00 00:00:00'),
	(413, 1, 1, '2020-11-10 19:43:34', '2020-11-10 19:43:34', '0000-00-00 00:00:00'),
	(414, 1, 1, '2020-11-10 20:24:18', '2020-11-10 20:24:18', '0000-00-00 00:00:00'),
	(415, 1, 1, '2020-11-10 20:45:52', '2020-11-10 20:45:52', '0000-00-00 00:00:00'),
	(416, 62, 5, '2020-11-10 21:15:52', '2020-11-10 21:15:52', '0000-00-00 00:00:00'),
	(417, 1, 1, '2020-11-11 12:18:38', '2020-11-11 12:18:38', '0000-00-00 00:00:00'),
	(418, 1, 1, '2020-11-11 23:28:47', '2020-11-11 23:28:47', '0000-00-00 00:00:00'),
	(419, 1, 1, '2020-11-12 12:15:26', '2020-11-12 12:15:26', '0000-00-00 00:00:00'),
	(420, 1, 1, '2020-11-12 13:16:12', '2020-11-12 13:16:12', '0000-00-00 00:00:00'),
	(421, 1, 1, '2020-11-12 13:39:47', '2020-11-12 13:39:47', '0000-00-00 00:00:00'),
	(422, 43, 1, '2020-11-12 14:33:50', '2020-11-12 14:33:50', '0000-00-00 00:00:00'),
	(423, 43, 1, '2020-11-12 14:35:58', '2020-11-12 14:35:58', '0000-00-00 00:00:00'),
	(424, 1, 1, '2020-11-12 14:59:58', '2020-11-12 14:59:58', '0000-00-00 00:00:00'),
	(425, 2, 1, '2020-11-12 15:02:13', '2020-11-12 15:02:13', '0000-00-00 00:00:00'),
	(426, 36, 1, '2020-11-12 15:03:00', '2020-11-12 15:03:00', '0000-00-00 00:00:00'),
	(427, 1, 1, '2020-11-12 15:03:29', '2020-11-12 15:03:29', '0000-00-00 00:00:00'),
	(428, 35, 1, '2020-11-12 15:03:49', '2020-11-12 15:03:49', '0000-00-00 00:00:00'),
	(429, 1, 1, '2020-11-12 15:04:12', '2020-11-12 15:04:12', '0000-00-00 00:00:00');
/*!40000 ALTER TABLE `log_acessos` ENABLE KEYS */;

-- Copiando estrutura para tabela realbi53_tonie.meios_pagamentos
CREATE TABLE IF NOT EXISTS `meios_pagamentos` (
  `id` int(11) NOT NULL AUTO_INCREMENT,
  `legenda` varchar(50) NOT NULL,
  `created_at` timestamp NOT NULL DEFAULT CURRENT_TIMESTAMP ON UPDATE CURRENT_TIMESTAMP,
  `updated_at` timestamp NOT NULL DEFAULT '0000-00-00 00:00:00',
  PRIMARY KEY (`id`)
) ENGINE=InnoDB AUTO_INCREMENT=4 DEFAULT CHARSET=latin1;

-- Copiando dados para a tabela realbi53_tonie.meios_pagamentos: ~3 rows (aproximadamente)
/*!40000 ALTER TABLE `meios_pagamentos` DISABLE KEYS */;
INSERT INTO `meios_pagamentos` (`id`, `legenda`, `created_at`, `updated_at`) VALUES
	(1, 'Dinheiro', '0000-00-00 00:00:00', '0000-00-00 00:00:00'),
	(2, 'Crédito', '0000-00-00 00:00:00', '0000-00-00 00:00:00'),
	(3, 'Débito', '0000-00-00 00:00:00', '0000-00-00 00:00:00');
/*!40000 ALTER TABLE `meios_pagamentos` ENABLE KEYS */;

-- Copiando estrutura para tabela realbi53_tonie.migrations
CREATE TABLE IF NOT EXISTS `migrations` (
  `id` int(11) NOT NULL AUTO_INCREMENT,
  `code` varchar(10) NOT NULL,
  `description` varchar(150) NOT NULL,
  `created_at` timestamp NOT NULL DEFAULT CURRENT_TIMESTAMP,
  `updated_at` timestamp NULL DEFAULT NULL ON UPDATE CURRENT_TIMESTAMP,
  PRIMARY KEY (`id`)
) ENGINE=InnoDB AUTO_INCREMENT=22 DEFAULT CHARSET=utf8;

-- Copiando dados para a tabela realbi53_tonie.migrations: ~21 rows (aproximadamente)
/*!40000 ALTER TABLE `migrations` DISABLE KEYS */;
INSERT INTO `migrations` (`id`, `code`, `description`, `created_at`, `updated_at`) VALUES
	(1, '1593604775', 'cria tabela migrations', '2020-07-01 09:33:40', NULL),
	(2, '1593605007', 'cria tabela de clientes segmentos', '2020-07-01 09:33:40', NULL),
	(3, '1593605094', 'cria tabela de clientes tipos', '2020-07-01 09:33:40', NULL),
	(4, '1593605143', 'cria tabela de empresas', '2020-07-01 09:33:40', NULL),
	(5, '1593605239', 'cria tabela de clientes', '2020-07-01 09:33:40', NULL),
	(6, '1593605328', 'cria tabela de meios de pagamento', '2020-07-01 09:33:40', NULL),
	(7, '1593605367', 'cria tabela de tipos pdv', '2020-07-01 09:33:40', NULL),
	(8, '1593605428', 'cria tabela de clientes enderecos', '2020-07-01 09:33:40', NULL),
	(9, '1593605466', 'cria tabela de config pdv', '2020-07-01 09:33:40', NULL),
	(10, '1593605510', 'cria tabela de modulos', '2020-07-01 09:33:40', NULL),
	(11, '1593605548', 'cria tabela de perfis', '2020-07-01 09:33:40', NULL),
	(12, '1593605570', 'cria tabela de produtos', '2020-07-01 09:33:40', NULL),
	(13, '1593605592', 'cria tabela de sexos', '2020-07-01 09:33:40', NULL),
	(14, '1593605596', 'cria tabela de usuarios', '2020-07-01 09:33:40', NULL),
	(15, '1593605654', 'cria tabela de modulos de usuarios', '2020-07-01 09:33:40', NULL),
	(16, '1593605683', 'cria tabela de vendas', '2020-07-01 09:33:40', NULL),
	(17, '1593608384', 'cria tabela de logs', '2020-07-01 09:33:40', NULL),
	(18, '1593618822', 'campo email', '2020-07-26 13:40:40', NULL),
	(19, '1593619560', 'acriar campo id segmento em empresas', '2020-07-26 13:40:40', NULL),
	(20, '1593620377', 'chave estrageira de id segmento em tabela empresas', '2020-07-26 13:40:40', NULL),
	(21, '1595762432', 'cria tabela de recuperacao de senha', '2020-07-26 13:40:41', NULL);
/*!40000 ALTER TABLE `migrations` ENABLE KEYS */;

-- Copiando estrutura para tabela realbi53_tonie.modulos
CREATE TABLE IF NOT EXISTS `modulos` (
  `id` int(11) NOT NULL AUTO_INCREMENT,
  `descricao` varchar(50) NOT NULL,
  `created_at` timestamp NOT NULL DEFAULT CURRENT_TIMESTAMP ON UPDATE CURRENT_TIMESTAMP,
  `updated_at` timestamp NOT NULL DEFAULT '0000-00-00 00:00:00',
  `deleted_at` timestamp NULL DEFAULT NULL,
  PRIMARY KEY (`id`)
) ENGINE=InnoDB AUTO_INCREMENT=12 DEFAULT CHARSET=latin1;

-- Copiando dados para a tabela realbi53_tonie.modulos: ~10 rows (aproximadamente)
/*!40000 ALTER TABLE `modulos` DISABLE KEYS */;
INSERT INTO `modulos` (`id`, `descricao`, `created_at`, `updated_at`, `deleted_at`) VALUES
	(2, 'Inicio', '2020-06-24 06:55:45', '2020-06-24 06:55:46', NULL),
	(3, 'Empresas', '0000-00-00 00:00:00', '0000-00-00 00:00:00', NULL),
	(4, 'Usuarios', '0000-00-00 00:00:00', '0000-00-00 00:00:00', NULL),
	(5, 'PDV padrão', '0000-00-00 00:00:00', '0000-00-00 00:00:00', NULL),
	(6, 'PDV diferencial', '0000-00-00 00:00:00', '0000-00-00 00:00:00', NULL),
	(7, 'Clientes', '0000-00-00 00:00:00', '0000-00-00 00:00:00', NULL),
	(8, 'Produtos', '0000-00-00 00:00:00', '0000-00-00 00:00:00', NULL),
	(9, 'Pedidos', '0000-00-00 00:00:00', '0000-00-00 00:00:00', NULL),
	(10, 'Relatorios', '0000-00-00 00:00:00', '0000-00-00 00:00:00', NULL),
	(11, 'Configurações', '0000-00-00 00:00:00', '0000-00-00 00:00:00', NULL);
/*!40000 ALTER TABLE `modulos` ENABLE KEYS */;

-- Copiando estrutura para tabela realbi53_tonie.pedidos
CREATE TABLE IF NOT EXISTS `pedidos` (
  `id` int(11) NOT NULL AUTO_INCREMENT,
  `id_empresa` int(11) NOT NULL DEFAULT '0',
  `id_vendedor` int(11) NOT NULL DEFAULT '0',
  `id_cliente` int(11) NOT NULL DEFAULT '0',
  `id_meio_pagamento` int(11) DEFAULT NULL,
  `id_situacao_pedido` int(11) NOT NULL,
  `id_cliente_endereco` int(11) NOT NULL,
  `valor_desconto` double NOT NULL DEFAULT '0',
  `valor_frete` double NOT NULL DEFAULT '0',
  `previsao_entrega` date NOT NULL DEFAULT '0000-00-00',
  `total` double NOT NULL,
  `created_at` timestamp NULL DEFAULT NULL,
  `updated_at` timestamp NULL DEFAULT NULL,
  PRIMARY KEY (`id`),
  KEY `FK_empresas_pedidos` (`id_empresa`),
  KEY `FK_usuarios_pedidos` (`id_vendedor`),
  KEY `FK_clientes_pedidos` (`id_cliente`),
  KEY `FK_meio_pagamentos_pedidos` (`id_meio_pagamento`),
  KEY `FK_cliente_endereco_pedidos` (`id_cliente_endereco`),
  KEY `FK_situacao_pedidos` (`id_situacao_pedido`)
) ENGINE=MyISAM AUTO_INCREMENT=161 DEFAULT CHARSET=utf8 COLLATE=utf8_unicode_ci;

-- Copiando dados para a tabela realbi53_tonie.pedidos: 27 rows
/*!40000 ALTER TABLE `pedidos` DISABLE KEYS */;
INSERT INTO `pedidos` (`id`, `id_empresa`, `id_vendedor`, `id_cliente`, `id_meio_pagamento`, `id_situacao_pedido`, `id_cliente_endereco`, `valor_desconto`, `valor_frete`, `previsao_entrega`, `total`, `created_at`, `updated_at`) VALUES
	(134, 0, 1, 2, 1, 5, 24, 0, 0, '2020-11-14', 0, '2020-11-07 00:59:19', '2020-11-10 20:47:16'),
	(135, 0, 1, 5, NULL, 7, 23, 0, 0, '0000-00-00', 0, '2020-11-07 01:13:15', '2020-11-10 20:47:21'),
	(136, 0, 1, 4, NULL, 7, 3, 0, 0, '0000-00-00', 0, '2020-11-07 01:52:29', '2020-11-07 01:52:29'),
	(137, 0, 1, 18, 1, 1, 21, 0, 0, '2020-11-07', 0, '2020-11-07 01:54:57', '2020-11-07 12:11:37'),
	(138, 0, 1, 18, NULL, 7, 19, 0, 0, '0000-00-00', 0, '2020-11-07 01:56:01', '2020-11-07 01:56:01'),
	(139, 0, 1, 2, 1, 7, 24, 80, 0, '2020-11-28', 0, '2020-11-07 01:58:41', '2020-11-10 20:35:23'),
	(140, 0, 1, 2, NULL, 7, 24, 0, 0, '0000-00-00', 0, '2020-11-07 11:17:40', '2020-11-07 11:17:40'),
	(141, 0, 1, 2, NULL, 7, 24, 0, 0, '0000-00-00', 0, '2020-11-07 11:18:44', '2020-11-07 11:18:44'),
	(142, 0, 1, 2, 1, 1, 24, 1, 0, '2020-11-14', 0, '2020-11-07 11:20:48', '2020-11-07 11:21:20'),
	(143, 0, 1, 2, NULL, 7, 24, 0, 0, '0000-00-00', 0, '2020-11-07 12:18:59', '2020-11-07 12:18:59'),
	(144, 0, 1, 5, 2, 1, 23, 10, 2.77, '2020-11-21', 0, '2020-11-07 20:29:21', '2020-11-07 20:30:09'),
	(145, 0, 1, 2, 1, 1, 24, 0, 0, '2020-11-10', 0, '2020-11-08 21:23:20', '2020-11-08 21:23:51'),
	(146, 0, 35, 2, 2, 1, 24, 0, 0, '2020-11-10', 0, '2020-11-08 21:25:08', '2020-11-08 21:25:37'),
	(147, 0, 35, 4, 1, 1, 3, 0, 4, '2020-11-08', 0, '2020-11-08 21:36:31', '2020-11-08 21:37:04'),
	(148, 0, 1, 5, 2, 1, 23, 0, 0, '2020-11-17', 0, '2020-11-08 22:16:22', '2020-11-08 22:16:41'),
	(149, 0, 47, 5, 2, 1, 23, 10, 15, '2020-11-11', 0, '2020-11-09 09:51:08', '2020-11-09 09:51:58'),
	(150, 0, 1, 2, 1, 1, 24, 0, 0, '2020-11-09', 0, '2020-11-09 14:04:04', '2020-11-09 14:04:17'),
	(151, 0, 62, 23, 2, 1, 25, 0, 4, '2020-11-11', 0, '2020-11-09 14:37:29', '2020-11-09 14:38:02'),
	(152, 0, 57, 2, 1, 1, 24, 500, 200, '2020-11-08', 0, '2020-11-09 21:02:51', '2020-11-09 21:11:59'),
	(153, 0, 1, 5, NULL, 3, 23, 0, 0, '0000-00-00', 0, '2020-11-09 23:45:44', '2020-11-11 23:29:32'),
	(154, 0, 1, 2, NULL, 7, 24, 0, 0, '0000-00-00', 0, '2020-11-09 23:49:05', '2020-11-09 23:49:05'),
	(155, 0, 1, 2, NULL, 2, 24, 0, 0, '0000-00-00', 0, '2020-11-09 23:54:32', '2020-11-11 23:31:16'),
	(156, 0, 1, 5, NULL, 5, 23, 0, 0, '0000-00-00', 0, '2020-11-09 23:56:50', '2020-11-11 23:31:57'),
	(157, 0, 1, 2, NULL, 7, 24, 0, 0, '0000-00-00', 0, '2020-11-09 23:59:17', '2020-11-09 23:59:17'),
	(158, 0, 1, 2, NULL, 7, 24, 0, 0, '0000-00-00', 0, '2020-11-10 00:02:53', '2020-11-10 00:02:53'),
	(159, 0, 1, 2, NULL, 7, 24, 0, 0, '0000-00-00', 0, '2020-11-10 18:23:49', '2020-11-10 18:23:49'),
	(160, 0, 1, 2, 2, 1, 24, 0, 4, '2020-11-12', 0, '2020-11-11 23:32:51', '2020-11-11 23:33:27');
/*!40000 ALTER TABLE `pedidos` ENABLE KEYS */;

-- Copiando estrutura para tabela realbi53_tonie.perfis
CREATE TABLE IF NOT EXISTS `perfis` (
  `id` int(11) NOT NULL AUTO_INCREMENT,
  `descricao` varchar(50) NOT NULL DEFAULT '0',
  `created_at` timestamp NOT NULL DEFAULT '0000-00-00 00:00:00' ON UPDATE CURRENT_TIMESTAMP,
  `updated_at` timestamp NOT NULL DEFAULT '0000-00-00 00:00:00',
  PRIMARY KEY (`id`)
) ENGINE=InnoDB AUTO_INCREMENT=6 DEFAULT CHARSET=latin1;

-- Copiando dados para a tabela realbi53_tonie.perfis: ~5 rows (aproximadamente)
/*!40000 ALTER TABLE `perfis` DISABLE KEYS */;
INSERT INTO `perfis` (`id`, `descricao`, `created_at`, `updated_at`) VALUES
	(1, 'Super Admin', '2020-06-21 13:00:15', '0000-00-00 00:00:00'),
	(2, 'Administrador', '2020-07-10 09:07:34', '0000-00-00 00:00:00'),
	(4, 'Vendedor', '2020-04-25 00:53:32', '0000-00-00 00:00:00'),
	(5, 'Gerente', '0000-00-00 00:00:00', '0000-00-00 00:00:00');
/*!40000 ALTER TABLE `perfis` ENABLE KEYS */;

-- Copiando estrutura para tabela realbi53_tonie.produtos
CREATE TABLE IF NOT EXISTS `produtos` (
  `id` int(11) NOT NULL AUTO_INCREMENT,
  `id_empresa` int(11) NOT NULL,
  `nome` varchar(50) NOT NULL,
  `preco` double NOT NULL DEFAULT '0',
  `descricao` text,
  `imagem` text,
  `created_at` timestamp NOT NULL DEFAULT CURRENT_TIMESTAMP ON UPDATE CURRENT_TIMESTAMP,
  `updated_at` timestamp NOT NULL DEFAULT '0000-00-00 00:00:00',
  PRIMARY KEY (`id`),
  KEY `FK_produtos_clientes` (`id_empresa`),
  CONSTRAINT `FK_produtos_clientes` FOREIGN KEY (`id_empresa`) REFERENCES `empresas` (`id`)
) ENGINE=InnoDB AUTO_INCREMENT=47 DEFAULT CHARSET=latin1;

-- Copiando dados para a tabela realbi53_tonie.produtos: ~39 rows (aproximadamente)
/*!40000 ALTER TABLE `produtos` DISABLE KEYS */;
INSERT INTO `produtos` (`id`, `id_empresa`, `nome`, `preco`, `descricao`, `imagem`, `created_at`, `updated_at`) VALUES
	(1, 1, 'Açái Tradicional', 10.5, 'Tigela de Açaí tradicional!', 'public/imagem/produtos/1589923097.jpg', '2020-08-16 13:47:02', '2020-08-16 13:47:02'),
	(2, 1, 'Açaí de Banana', 13, 'bghghg', 'public/imagem/produtos/1589919313.jpg', '2020-05-19 17:15:13', '2020-05-19 17:15:13'),
	(3, 1, 'Dell Vale de Uva', 18, 'Néctar de Uva Del Valle 1 Litro', 'public/imagem/produtos/1589923950.jpg', '2020-07-11 13:25:25', '2020-07-11 13:25:24'),
	(4, 1, 'Guaraná Antárctica', 3.49, '', 'public/imagem/produtos/1590197371.jpg', '2020-05-22 22:29:31', '2020-05-22 22:29:31'),
	(5, 1, 'Refrigerante zero coca-cola', 3.99, '', 'public/imagem/produtos/1590197622.jpg', '2020-05-22 22:33:42', '2020-05-22 22:33:42'),
	(6, 1, 'HAMBÚRGUER', 30, '', 'public/imagem/produtos/1590197749.jpg', '2020-05-22 22:35:49', '2020-05-22 22:35:49'),
	(7, 1, 'ESTROGONOFE', 25, '', 'public/imagem/produtos/1590197916.jpg', '2020-05-22 22:38:36', '2020-05-22 22:38:36'),
	(8, 1, 'Computador completo', 1500, '', 'public/imagem/produtos/1591662766.png', '2020-06-08 21:32:46', '2020-06-08 21:32:46'),
	(9, 1, 'Notebook Samsung ', 2580, 'Notebook Samsung Intel Core i3 4GB 1TB Tela 15,6" Windows 10 Home ', '../public/imagem/produtos/1593886149.png', '2020-07-04 15:09:09', '2020-07-04 15:09:09'),
	(10, 1, 'HAMBÚRGUER ARTESANAL', 26, NULL, '../public/imagem/produtos/1593913667.png', '2020-07-04 22:47:47', '2020-07-04 22:47:47'),
	(11, 4, 'Salsicha Viena Tradicional - 1 kg', 32, '', '../public/imagem/produtos/1595365885.png', '2020-07-21 18:11:25', '2020-07-21 18:11:25'),
	(12, 4, 'Salsicha Viena c/Queijo - 1 kg', 32, '', '../public/imagem/produtos/1595366081.png', '2020-07-21 18:14:41', '2020-07-21 18:14:41'),
	(13, 4, 'Salsicha Viena c/Ervas Finas - 1 kg', 32, '', '../public/imagem/produtos/1595366191.png', '2020-07-21 18:16:31', '2020-07-21 18:16:31'),
	(14, 4, 'Salsicha Bock c/Queijo - 1 kg', 30, '', '../public/imagem/produtos/1595366210.png', '2020-07-21 18:16:50', '2020-07-21 18:16:50'),
	(15, 4, 'Salsicha Bock Tradicional - 1 kg', 27, '', '../public/imagem/produtos/1595366241.png', '2020-07-21 18:17:21', '2020-07-21 18:17:21'),
	(16, 4, 'Salame Bovino - 1 unidade', 27, '', '../public/imagem/produtos/1595366264.png', '2020-07-21 18:17:44', '2020-07-21 18:17:44'),
	(17, 4, 'Salame Italiano - 1 unidade', 33.75, '', '../public/imagem/produtos/1595366298.png', '2020-07-21 18:18:18', '2020-07-21 18:18:18'),
	(18, 4, 'Queijo Suino Branco/Escuro - 1 unidade', 18, '', '../public/imagem/produtos/1595366330.png', '2020-07-21 18:18:50', '2020-07-21 18:18:50'),
	(19, 4, 'Pernil Suino Defumado', 30, '', '../public/imagem/produtos/1595366366.png', '2020-07-21 18:19:26', '2020-07-21 18:19:26'),
	(20, 4, 'Morcilia Branca/Escura', 16.5, '', '../public/imagem/produtos/1595366383.png', '2020-07-21 18:19:43', '2020-07-21 18:19:43'),
	(21, 4, 'Morcilia Branca/Escura', 16.5, '', '../public/imagem/produtos/1595366395.png', '2020-07-21 18:19:55', '2020-07-21 18:19:55'),
	(22, 4, 'Lombo Suino Defumado', 33, '', '../public/imagem/produtos/1595366408.png', '2020-07-21 18:20:08', '2020-07-21 18:20:08'),
	(23, 4, 'Linguiça Pate', 31.5, '', '../public/imagem/produtos/1595366427.png', '2020-07-21 18:20:27', '2020-07-21 18:20:27'),
	(24, 4, 'Linguiça Mista Defumada', 27, '', '../public/imagem/produtos/1595366469.png', '2020-07-21 18:21:09', '2020-07-21 18:21:09'),
	(25, 4, 'Galantina Inteira', 28.5, '', '../public/imagem/produtos/1595366492.png', '2020-07-21 18:21:32', '2020-07-21 18:21:32'),
	(26, 4, 'Luinguiça Espeto Pura', 25.5, '', '../public/imagem/produtos/1595366557.png', '2020-07-21 18:22:37', '2020-07-21 18:22:37'),
	(27, 4, 'Linguiça Calabresa (Blumenal)', 31.5, '', '../public/imagem/produtos/1595366626.png', '2020-07-21 18:23:46', '2020-07-21 18:23:46'),
	(28, 4, 'Geleia Suina', 18, '', '../public/imagem/produtos/1595366711.png', '2020-07-21 18:25:11', '2020-07-21 18:25:11'),
	(29, 4, 'Galantina  Fatiada', 7.5, '', '../public/imagem/produtos/1595366727.png', '2020-07-21 18:25:27', '2020-07-21 18:25:27'),
	(30, 4, 'Banha Suína', 15, '', '../public/imagem/produtos/1595366776.png', '2020-07-21 18:26:16', '2020-07-21 18:26:16'),
	(31, 1, 'teste', 10, '', NULL, '2020-07-21 20:30:21', '2020-07-21 20:30:21'),
	(32, 1, 'Processador Intel Pentium G5400 Coffee Lake', 501.06, 'Processador Intel Pentium G5400 Coffee Lake, 8a Geração, Cache 4MB, 3.7Ghz, LGA 1151 - BX80684G5400', '../public/imagem/produtos/1595854630.png', '2020-07-27 09:57:10', '2020-07-27 09:57:10'),
	(33, 1, 'Placa-Mãe Gigabyte GA-AB350M-DS3H V2', 623.41, 'Placa-Mãe Gigabyte GA-AB350M-DS3H V2, AMD AM4, mATX, DDR4', '../public/imagem/produtos/1595854902.png', '2020-07-27 10:01:42', '2020-07-27 10:01:42'),
	(34, 1, 'Acarajé', 5, 'Acarajé completo!', '../public/imagem/produtos/1604882172.jpg', '2020-11-08 21:36:12', '2020-11-08 21:36:12'),
	(35, 5, 'Camisa Lacost-Branca', 40, 'Camisa da Lacost branca!', '../public/imagem/produtos/1604942294.jpg', '2020-11-09 14:18:14', '2020-11-09 14:18:14'),
	(36, 5, 'Camisa Reserva-Branca', 40, 'Camisa Reserva branca!', '../public/imagem/produtos/1604942433.jpg', '2020-11-09 14:20:33', '2020-11-09 14:20:33'),
	(37, 5, 'Camisa Quiksilver-Preta', 40, 'Camisa Quiksilver preta!', '../public/imagem/produtos/1604942624.jfif', '2020-11-09 14:23:44', '2020-11-09 14:23:44'),
	(38, 5, 'Camisa Adidas-Preta', 40, 'Camisa Adidas preta!', '../public/imagem/produtos/1604942726.jfif', '2020-11-09 14:25:26', '2020-11-09 14:25:26'),
	(39, 5, 'Camisa Nike -Listrada', 40, 'Camisa Nike listrada!', '../public/imagem/produtos/1604942876.jpg', '2020-11-09 14:27:56', '2020-11-09 14:27:56'),
	(41, 1, 'uyuyuyyuyu', 10, '', '1604944929.jpg', '2020-11-09 15:02:09', '2020-11-09 15:02:09'),
	(42, 1, 'b thbyhy', 10.1, '', '1604945188.jpg', '2020-11-09 15:06:28', '2020-11-09 15:06:28'),
	(43, 1, 'byybnu', 41, '', 'public/imagem/produtos/1604945780.jpg', '2020-11-09 15:16:20', '2020-11-09 15:16:20'),
	(44, 1, 'ytytyty', 41, NULL, 'public/imagem/produtos/1604946897.jpg', '2020-11-09 15:34:58', '2020-11-09 15:34:57'),
	(45, 1, 'teste', 40, NULL, '../public/imagem/produtos/1604963176.jpg', '2020-11-09 20:06:16', '2020-11-09 20:06:16'),
	(46, 5, 'Boné Lacoste', 30, 'Boné da Lacoste Preto! ', '../public/imagem/produtos/1605022592.jpg', '2020-11-10 12:36:32', '2020-11-10 12:36:32');
/*!40000 ALTER TABLE `produtos` ENABLE KEYS */;

-- Copiando estrutura para tabela realbi53_tonie.produtos_pedidos
CREATE TABLE IF NOT EXISTS `produtos_pedidos` (
  `id` int(11) NOT NULL AUTO_INCREMENT,
  `id_pedido` int(11) NOT NULL,
  `id_produto` int(11) NOT NULL,
  `preco` double NOT NULL DEFAULT '0',
  `quantidade` int(11) NOT NULL,
  `subtotal` double NOT NULL DEFAULT '0',
  `created_at` timestamp NULL DEFAULT NULL,
  `updated_at` timestamp NULL DEFAULT NULL,
  PRIMARY KEY (`id`),
  KEY `id_pedido` (`id_pedido`),
  KEY `id_produto` (`id_produto`)
) ENGINE=MyISAM AUTO_INCREMENT=267 DEFAULT CHARSET=utf8 COLLATE=utf8_unicode_ci;

-- Copiando dados para a tabela realbi53_tonie.produtos_pedidos: 48 rows
/*!40000 ALTER TABLE `produtos_pedidos` DISABLE KEYS */;
INSERT INTO `produtos_pedidos` (`id`, `id_pedido`, `id_produto`, `preco`, `quantidade`, `subtotal`, `created_at`, `updated_at`) VALUES
	(193, 134, 1, 10.5, 1, 10.5, '2020-11-07 00:59:24', '2020-11-10 20:46:10'),
	(194, 136, 3, 18, 1, 18, '2020-11-07 01:52:37', '2020-11-07 01:52:37'),
	(227, 143, 4, 3.49, 1, 3.49, '2020-11-07 12:19:11', '2020-11-07 12:19:11'),
	(196, 138, 7, 25, 2, 50, '2020-11-07 01:56:08', '2020-11-07 01:56:16'),
	(228, 144, 7, 25, 1, 25, '2020-11-07 20:29:27', '2020-11-07 20:29:27'),
	(199, 142, 2, 13, 1, 13, '2020-11-07 11:20:52', '2020-11-07 11:20:52'),
	(200, 142, 4, 3.49, 2, 6.98, '2020-11-07 11:20:57', '2020-11-07 11:21:02'),
	(201, 0, 4, 3.49, 2, 6.98, '2020-11-07 11:55:53', '2020-11-07 11:55:53'),
	(202, 0, 4, 3.49, 2, 6.98, '2020-11-07 11:56:19', '2020-11-07 11:56:19'),
	(203, 140, 1, 10.5, 1, 10.5, '2020-11-07 11:56:58', '2020-11-07 11:56:58'),
	(231, 0, 3, 18, 3, 54, '2020-11-08 19:20:03', '2020-11-08 19:20:03'),
	(205, 0, 4, 3.49, 1, 3.49, '2020-11-07 11:57:34', '2020-11-07 11:57:34'),
	(206, 0, 2, 13, 1, 13, '2020-11-07 12:02:36', '2020-11-07 12:02:36'),
	(207, 0, 2, 13, 1, 13, '2020-11-07 12:05:06', '2020-11-07 12:05:06'),
	(221, 137, 10, 26, 1, 26, '2020-11-07 12:11:15', '2020-11-07 12:11:15'),
	(229, 144, 32, 501.06, 1, 501.06, '2020-11-07 20:29:37', '2020-11-07 20:29:37'),
	(226, 143, 1, 10.5, 1, 10.5, '2020-11-07 12:19:06', '2020-11-07 12:19:06'),
	(232, 0, 4, 3.49, 1, 3.49, '2020-11-08 19:20:46', '2020-11-08 19:20:46'),
	(233, 145, 1, 10.5, 1, 10.5, '2020-11-08 21:23:23', '2020-11-08 21:23:23'),
	(234, 145, 7, 25, 1, 25, '2020-11-08 21:23:27', '2020-11-08 21:23:27'),
	(235, 145, 10, 26, 1, 26, '2020-11-08 21:23:33', '2020-11-08 21:23:33'),
	(236, 146, 3, 18, 3, 54, '2020-11-08 21:25:19', '2020-11-08 21:25:19'),
	(237, 146, 6, 30, 3, 90, '2020-11-08 21:25:30', '2020-11-08 21:25:30'),
	(238, 147, 34, 5, 1, 5, '2020-11-08 21:36:36', '2020-11-08 21:36:36'),
	(239, 147, 3, 18, 1, 18, '2020-11-08 21:36:41', '2020-11-08 21:36:41'),
	(240, 147, 8, 1500, 1, 1500, '2020-11-08 21:51:13', '2020-11-08 21:51:13'),
	(241, 148, 1, 10.5, 1, 10.5, '2020-11-08 22:16:24', '2020-11-08 22:16:24'),
	(242, 148, 4, 3.49, 1, 3.49, '2020-11-08 22:16:28', '2020-11-08 22:16:28'),
	(243, 148, 6, 30, 1, 30, '2020-11-08 22:16:32', '2020-11-08 22:16:32'),
	(244, 149, 7, 25, 1, 25, '2020-11-09 09:51:13', '2020-11-09 09:51:13'),
	(245, 149, 9, 2580, 1, 2580, '2020-11-09 09:51:21', '2020-11-09 09:51:29'),
	(246, 150, 2, 13, 1, 13, '2020-11-09 14:04:08', '2020-11-09 14:04:08'),
	(247, 151, 35, 40, 1, 40, '2020-11-09 14:37:34', '2020-11-09 14:37:34'),
	(248, 151, 37, 40, 2, 80, '2020-11-09 14:37:40', '2020-11-09 14:37:40'),
	(249, 152, 4, 3.49, 1, 3.49, '2020-11-09 21:02:55', '2020-11-09 21:02:55'),
	(252, 152, 9, 2580, 1, 2580, '2020-11-09 21:09:53', '2020-11-09 21:09:55'),
	(253, 153, 4, 3.49, 1, 3.49, '2020-11-09 23:45:51', '2020-11-09 23:45:51'),
	(254, 153, 8, 1500, 1, 1500, '2020-11-09 23:45:59', '2020-11-09 23:48:33'),
	(256, 154, 4, 3.49, 2, 6.98, '2020-11-09 23:49:58', '2020-11-09 23:49:58'),
	(258, 156, 1, 10.5, 10, 105, '2020-11-09 23:56:55', '2020-11-09 23:57:12'),
	(259, 157, 1, 10.5, 4, 42, '2020-11-09 23:59:22', '2020-11-09 23:59:45'),
	(260, 157, 7, 25, 3, 75, '2020-11-09 23:59:50', '2020-11-09 23:59:50'),
	(261, 158, 1, 10.5, 4, 42, '2020-11-10 00:03:00', '2020-11-10 00:03:48'),
	(262, 158, 3, 18, 7, 126, '2020-11-10 00:03:07', '2020-11-10 00:04:56'),
	(263, 160, 3, 18, 5, 90, '2020-11-11 23:32:57', '2020-11-11 23:33:09'),
	(264, 134, 4, 3.49, 1, 3.49, '2020-11-12 15:06:15', '2020-11-12 15:06:15'),
	(265, 134, 8, 1500, 1, 1500, '2020-11-12 15:06:43', '2020-11-12 15:06:43'),
	(266, 134, 6, 30, 2, 60, '2020-11-12 15:07:03', '2020-11-12 15:07:03');
/*!40000 ALTER TABLE `produtos_pedidos` ENABLE KEYS */;

-- Copiando estrutura para tabela realbi53_tonie.recuperacao_de_senha
CREATE TABLE IF NOT EXISTS `recuperacao_de_senha` (
  `id` int(11) NOT NULL AUTO_INCREMENT,
  `user_id` int(11) NOT NULL,
  `hash` varchar(100) NOT NULL,
  `created_at` timestamp NOT NULL DEFAULT CURRENT_TIMESTAMP,
  `updated_at` timestamp NULL DEFAULT NULL,
  PRIMARY KEY (`id`)
) ENGINE=InnoDB DEFAULT CHARSET=utf8;

-- Copiando dados para a tabela realbi53_tonie.recuperacao_de_senha: ~0 rows (aproximadamente)
/*!40000 ALTER TABLE `recuperacao_de_senha` DISABLE KEYS */;
/*!40000 ALTER TABLE `recuperacao_de_senha` ENABLE KEYS */;

-- Copiando estrutura para tabela realbi53_tonie.sexos
CREATE TABLE IF NOT EXISTS `sexos` (
  `id` int(11) NOT NULL AUTO_INCREMENT,
  `descricao` varchar(50) NOT NULL,
  `created_at` timestamp NOT NULL DEFAULT CURRENT_TIMESTAMP ON UPDATE CURRENT_TIMESTAMP,
  `updated_at` timestamp NOT NULL DEFAULT '0000-00-00 00:00:00',
  PRIMARY KEY (`id`)
) ENGINE=InnoDB AUTO_INCREMENT=3 DEFAULT CHARSET=latin1;

-- Copiando dados para a tabela realbi53_tonie.sexos: ~2 rows (aproximadamente)
/*!40000 ALTER TABLE `sexos` DISABLE KEYS */;
INSERT INTO `sexos` (`id`, `descricao`, `created_at`, `updated_at`) VALUES
	(1, 'Masculino', '2020-02-21 14:08:58', '0000-00-00 00:00:00'),
	(2, 'Feminino', '2020-02-21 14:09:09', '0000-00-00 00:00:00');
/*!40000 ALTER TABLE `sexos` ENABLE KEYS */;

-- Copiando estrutura para tabela realbi53_tonie.situacoes_pedidos
CREATE TABLE IF NOT EXISTS `situacoes_pedidos` (
  `id` int(11) NOT NULL AUTO_INCREMENT,
  `legenda` varchar(50) COLLATE utf8_unicode_ci NOT NULL DEFAULT '',
  `created_at` timestamp NULL DEFAULT '0000-00-00 00:00:00' ON UPDATE CURRENT_TIMESTAMP,
  `updated_at` timestamp NULL DEFAULT '0000-00-00 00:00:00',
  PRIMARY KEY (`id`)
) ENGINE=MyISAM AUTO_INCREMENT=8 DEFAULT CHARSET=utf8 COLLATE=utf8_unicode_ci;

-- Copiando dados para a tabela realbi53_tonie.situacoes_pedidos: 5 rows
/*!40000 ALTER TABLE `situacoes_pedidos` DISABLE KEYS */;
INSERT INTO `situacoes_pedidos` (`id`, `legenda`, `created_at`, `updated_at`) VALUES
	(1, 'Realizado', '2020-08-06 11:01:25', '0000-00-00 00:00:00'),
	(2, 'Em preparação', '2020-08-06 11:01:45', '0000-00-00 00:00:00'),
	(3, 'Enviado', '2020-08-06 11:01:55', '0000-00-00 00:00:00'),
	(5, 'Recebido', '2020-08-06 11:02:00', '0000-00-00 00:00:00'),
	(7, 'Incompleto', '0000-00-00 00:00:00', '0000-00-00 00:00:00');
/*!40000 ALTER TABLE `situacoes_pedidos` ENABLE KEYS */;

-- Copiando estrutura para tabela realbi53_tonie.tipos_pdv
CREATE TABLE IF NOT EXISTS `tipos_pdv` (
  `id` int(11) NOT NULL AUTO_INCREMENT,
  `descricao` varchar(50) NOT NULL,
  `created_at` timestamp NOT NULL DEFAULT CURRENT_TIMESTAMP ON UPDATE CURRENT_TIMESTAMP,
  `updated_at` timestamp NOT NULL DEFAULT '0000-00-00 00:00:00',
  PRIMARY KEY (`id`)
) ENGINE=InnoDB AUTO_INCREMENT=3 DEFAULT CHARSET=latin1;

-- Copiando dados para a tabela realbi53_tonie.tipos_pdv: ~2 rows (aproximadamente)
/*!40000 ALTER TABLE `tipos_pdv` DISABLE KEYS */;
INSERT INTO `tipos_pdv` (`id`, `descricao`, `created_at`, `updated_at`) VALUES
	(1, 'Padrão', '0000-00-00 00:00:00', '0000-00-00 00:00:00'),
	(2, 'Diferencial', '2020-05-23 17:02:09', '2020-05-23 17:02:09');
/*!40000 ALTER TABLE `tipos_pdv` ENABLE KEYS */;

-- Copiando estrutura para tabela realbi53_tonie.usuarios
CREATE TABLE IF NOT EXISTS `usuarios` (
  `id` int(11) NOT NULL AUTO_INCREMENT,
  `id_empresa` int(11) NOT NULL DEFAULT '0',
  `nome` varchar(50) NOT NULL,
  `email` varchar(50) NOT NULL,
  `password` varchar(50) NOT NULL,
  `id_sexo` int(11) DEFAULT NULL,
  `id_perfil` int(11) DEFAULT NULL,
  `imagem` text,
  `created_at` timestamp NOT NULL DEFAULT '0000-00-00 00:00:00' ON UPDATE CURRENT_TIMESTAMP,
  `updated_at` timestamp NOT NULL DEFAULT '0000-00-00 00:00:00',
  PRIMARY KEY (`id`),
  KEY `FK_usuarios_sexo` (`id_sexo`),
  KEY `FK_usuarios_perfis` (`id_perfil`),
  KEY `FK_usuarios_clientes` (`id_empresa`),
  CONSTRAINT `FK_usuarios_clientes` FOREIGN KEY (`id_empresa`) REFERENCES `empresas` (`id`),
  CONSTRAINT `FK_usuarios_perfis` FOREIGN KEY (`id_perfil`) REFERENCES `perfis` (`id`),
  CONSTRAINT `FK_usuarios_sexo` FOREIGN KEY (`id_sexo`) REFERENCES `sexos` (`id`)
) ENGINE=InnoDB AUTO_INCREMENT=63 DEFAULT CHARSET=latin1;

-- Copiando dados para a tabela realbi53_tonie.usuarios: ~18 rows (aproximadamente)
/*!40000 ALTER TABLE `usuarios` DISABLE KEYS */;
INSERT INTO `usuarios` (`id`, `id_empresa`, `nome`, `email`, `password`, `id_sexo`, `id_perfil`, `imagem`, `created_at`, `updated_at`) VALUES
	(1, 1, 'Valdiney França', 'valdiney.2@hotmail.com', '4860b8a986a92086885755ecc8c9480d1c1b98b0', 1, 2, 'public/imagem/perfil_usuarios/1585493352.jpg', '2020-07-26 14:43:29', '2020-07-26 14:43:28'),
	(2, 1, 'Renata de Jesus Lima', 'renata@hotmail.com', '3b5df72898847f008454f4ed60280d6bdffc890d', 2, 4, '../public/imagem/perfil_usuarios/1593884290.jpg', '2020-07-04 14:38:10', '2020-07-04 14:38:10'),
	(35, 1, 'João de Jesus', 'joao@gmail.com', '3b5df72898847f008454f4ed60280d6bdffc890d', 1, 5, 'public/imagem/perfil_usuarios/1585493875.png', '2020-09-19 11:30:47', '2020-09-19 11:30:47'),
	(36, 1, 'Mariana Pinheiro', 'mariana@gmail.com', '3b5df72898847f008454f4ed60280d6bdffc890d', 2, 4, 'public/imagem/perfil_usuarios/1585494012.png', '2020-04-25 00:54:55', '2020-03-29 15:00:12'),
	(38, 1, 'Margarida Dantas', 'margarida@hotmail.com', '3b5df72898847f008454f4ed60280d6bdffc890d', 2, 4, 'public/imagem/perfil_usuarios/1585493941.png', '2020-04-25 22:03:29', '2020-03-29 14:59:01'),
	(42, 1, 'Leonardo Dodge', 'leonardo@gmail.com', '3b5df72898847f008454f4ed60280d6bdffc890d', 1, 4, 'public/imagem/perfil_usuarios/1585494107.png', '2020-04-25 00:54:48', '2020-03-29 15:01:47'),
	(43, 1, 'Testador', 'testador@gmail.com', '3b5df72898847f008454f4ed60280d6bdffc890d', 1, 1, 'public/imagem/perfil_usuarios/1587774607.jpg', '2020-04-25 00:55:18', '2020-04-25 00:30:07'),
	(46, 1, 'Lucas Amorin', 'lucas@hotmail.com', '3b5df72898847f008454f4ed60280d6bdffc890d', 1, 4, '../public/imagem/perfil_usuarios/1593870418.jpg', '2020-07-04 10:46:58', '2020-07-04 10:46:58'),
	(47, 1, 'Leonardo Souza', 'leonardo@hotmail.com', '3b5df72898847f008454f4ed60280d6bdffc890d', 1, 4, '../public/imagem/perfil_usuarios/1593883631.jpg', '2020-07-04 14:27:11', '2020-07-04 14:27:11'),
	(49, 1, 'Anderson Oliveira', 'andersonoliver480@gmail.com', '3b5df72898847f008454f4ed60280d6bdffc890d', 1, 2, 'public/imagem/perfil_usuarios/1592172985.png', '2020-06-14 22:16:25', '2020-06-14 19:16:25'),
	(50, 1, 'Pedro Almeida da Silva', 'pedro@gmail.com', '3b5df72898847f008454f4ed60280d6bdffc890d', 1, 4, '../public/imagem/perfil_usuarios/1593883657.jpg', '2020-07-04 14:27:37', '2020-07-04 14:27:37'),
	(51, 1, 'Tadeu', 'tadeu@email.com', '35842af82da9d4eaabe843c590eee229a2d9bff3', 1, 1, '../public/imagem/perfil_usuarios/1594117183.jpg', '2020-07-21 13:49:59', '2020-07-21 13:49:59'),
	(52, 2, 'Elvis', 'elvis@gmail.com', '3b5df72898847f008454f4ed60280d6bdffc890d', 1, 4, NULL, '2020-07-10 13:19:36', '2020-07-10 13:19:35'),
	(55, 2, 'Antonio', 'antonio@gmail.com', '3b5df72898847f008454f4ed60280d6bdffc890d', 1, 2, NULL, '2020-07-10 13:16:51', '2020-07-10 13:16:51'),
	(56, 3, 'Sabor Açaí', 'saboracai@gmail.com', '3b5df72898847f008454f4ed60280d6bdffc890d', 1, 5, NULL, '2020-07-19 09:20:53', '2020-07-19 09:20:53'),
	(57, 1, 'Enrique', 'enriquegeorg@gmail.com', '3b5df72898847f008454f4ed60280d6bdffc890d', 1, 1, '../public/imagem/perfil_usuarios/1595349951.png', '2020-07-21 13:46:06', '2020-07-21 13:46:06'),
	(58, 4, 'BOUTHINHA', 'adm@bouthin.com.br', '3b5df72898847f008454f4ed60280d6bdffc890d', 1, 2, NULL, '2020-07-25 10:21:27', '2020-07-25 10:21:27'),
	(61, 4, 'Fernando', 'fernando@bouthin.com.br', '3b5df72898847f008454f4ed60280d6bdffc890d', 1, 2, NULL, '2020-07-21 18:09:11', '2020-07-21 18:09:11'),
	(62, 5, 'Ghetto Modas', 'ghettomodas@hotmail.com', '3b5df72898847f008454f4ed60280d6bdffc890d', 1, 2, '../public/imagem/perfil_usuarios/1604942971.png', '2020-11-09 14:29:31', '2020-11-09 14:29:31');
/*!40000 ALTER TABLE `usuarios` ENABLE KEYS */;

-- Copiando estrutura para tabela realbi53_tonie.usuarios_modulos
CREATE TABLE IF NOT EXISTS `usuarios_modulos` (
  `id` int(11) NOT NULL AUTO_INCREMENT,
  `id_usuario` int(11) NOT NULL,
  `id_empresa` int(11) NOT NULL,
  `id_modulo` int(11) NOT NULL,
  `consultar` int(11) NOT NULL DEFAULT '1',
  `criar` int(11) NOT NULL DEFAULT '1',
  `editar` int(11) NOT NULL DEFAULT '1',
  `excluir` int(11) NOT NULL DEFAULT '1',
  `created_at` timestamp NOT NULL DEFAULT CURRENT_TIMESTAMP ON UPDATE CURRENT_TIMESTAMP,
  `updated_at` timestamp NOT NULL DEFAULT '0000-00-00 00:00:00',
  `deleted_at` timestamp NULL DEFAULT NULL,
  PRIMARY KEY (`id`),
  KEY `FK_usuarios_modulos_usuarios` (`id_usuario`),
  KEY `FK_usuarios_modulos_empresas` (`id_empresa`),
  KEY `FK_usuarios_modulos_modulos_permissoes` (`id_modulo`),
  CONSTRAINT `FK_usuarios_modulos_empresas` FOREIGN KEY (`id_empresa`) REFERENCES `empresas` (`id`),
  CONSTRAINT `FK_usuarios_modulos_modulos_permissoes` FOREIGN KEY (`id_modulo`) REFERENCES `modulos` (`id`),
  CONSTRAINT `FK_usuarios_modulos_usuarios` FOREIGN KEY (`id_usuario`) REFERENCES `usuarios` (`id`)
) ENGINE=InnoDB AUTO_INCREMENT=94 DEFAULT CHARSET=latin1;

-- Copiando dados para a tabela realbi53_tonie.usuarios_modulos: ~68 rows (aproximadamente)
/*!40000 ALTER TABLE `usuarios_modulos` DISABLE KEYS */;
INSERT INTO `usuarios_modulos` (`id`, `id_usuario`, `id_empresa`, `id_modulo`, `consultar`, `criar`, `editar`, `excluir`, `created_at`, `updated_at`, `deleted_at`) VALUES
	(4, 1, 1, 7, 1, 1, 1, 1, '2020-06-27 22:23:38', '2020-06-27 22:23:38', NULL),
	(5, 1, 1, 11, 1, 1, 1, 1, '2020-06-24 08:05:06', '2020-06-24 08:05:07', NULL),
	(6, 1, 1, 3, 1, 1, 1, 1, '2020-06-27 22:24:29', '2020-06-27 22:24:29', NULL),
	(7, 1, 1, 2, 1, 1, 1, 1, '0000-00-00 00:00:00', '0000-00-00 00:00:00', NULL),
	(8, 1, 1, 6, 1, 1, 1, 1, '2020-06-24 08:07:02', '2020-06-24 08:07:02', NULL),
	(9, 1, 1, 5, 1, 1, 1, 1, '0000-00-00 00:00:00', '0000-00-00 00:00:00', NULL),
	(10, 1, 1, 9, 1, 1, 1, 1, '2020-06-24 08:08:22', '2020-06-24 08:08:23', NULL),
	(11, 1, 1, 8, 1, 1, 1, 1, '2020-06-28 18:38:50', '2020-06-28 18:38:50', NULL),
	(12, 1, 1, 10, 1, 1, 1, 1, '2019-06-24 08:08:52', '2020-06-24 08:08:53', NULL),
	(13, 1, 1, 4, 1, 1, 1, 1, '2020-06-27 22:23:37', '2020-06-27 22:23:37', NULL),
	(14, 38, 1, 2, 1, 1, 1, 1, '2020-06-28 18:39:42', '2020-06-28 18:39:42', NULL),
	(15, 38, 1, 3, 0, 0, 0, 0, '2020-06-28 18:42:25', '2020-06-28 18:42:25', NULL),
	(16, 38, 1, 4, 1, 1, 1, 1, '2020-06-28 18:39:42', '2020-06-28 18:39:42', NULL),
	(17, 38, 1, 5, 0, 1, 1, 1, '2020-06-28 18:42:29', '2020-06-28 18:42:29', NULL),
	(18, 38, 1, 6, 1, 1, 1, 1, '2020-06-28 18:39:42', '2020-06-28 18:39:42', NULL),
	(19, 38, 1, 7, 1, 1, 1, 1, '2020-06-28 18:39:42', '2020-06-28 18:39:42', NULL),
	(20, 38, 1, 8, 1, 1, 1, 1, '2020-06-28 18:39:42', '2020-06-28 18:39:42', NULL),
	(21, 38, 1, 9, 1, 1, 1, 1, '2020-06-28 18:39:42', '2020-06-28 18:39:42', NULL),
	(22, 38, 1, 10, 1, 1, 1, 1, '2020-06-28 18:39:42', '2020-06-28 18:39:42', NULL),
	(23, 38, 1, 11, 1, 1, 1, 1, '2020-06-28 18:39:42', '2020-06-28 18:39:42', NULL),
	(24, 50, 1, 2, 1, 1, 1, 1, '2020-07-04 00:32:42', '2020-07-04 00:32:42', NULL),
	(25, 50, 1, 3, 1, 1, 1, 1, '2020-07-04 00:32:42', '2020-07-04 00:32:42', NULL),
	(26, 50, 1, 4, 1, 1, 1, 1, '2020-07-04 00:32:42', '2020-07-04 00:32:42', NULL),
	(27, 50, 1, 5, 1, 1, 1, 1, '2020-07-04 00:32:42', '2020-07-04 00:32:42', NULL),
	(28, 50, 1, 6, 1, 1, 1, 1, '2020-07-04 00:32:42', '2020-07-04 00:32:42', NULL),
	(29, 50, 1, 7, 1, 1, 1, 1, '2020-07-04 00:32:42', '2020-07-04 00:32:42', NULL),
	(30, 50, 1, 8, 1, 1, 1, 1, '2020-07-04 00:32:42', '2020-07-04 00:32:42', NULL),
	(31, 50, 1, 9, 1, 1, 1, 1, '2020-07-04 00:32:42', '2020-07-04 00:32:42', NULL),
	(32, 50, 1, 10, 1, 1, 1, 1, '2020-07-04 00:32:42', '2020-07-04 00:32:42', NULL),
	(33, 50, 1, 11, 1, 1, 1, 1, '2020-07-04 00:32:42', '2020-07-04 00:32:42', NULL),
	(34, 51, 1, 2, 1, 1, 1, 1, '2020-07-07 07:19:25', '2020-07-07 07:19:25', NULL),
	(35, 51, 1, 3, 1, 1, 1, 1, '2020-07-07 07:19:25', '2020-07-07 07:19:25', NULL),
	(36, 51, 1, 4, 1, 1, 1, 1, '2020-07-07 07:19:25', '2020-07-07 07:19:25', NULL),
	(37, 51, 1, 5, 1, 1, 1, 1, '2020-07-07 07:19:25', '2020-07-07 07:19:25', NULL),
	(38, 51, 1, 6, 1, 1, 1, 1, '2020-07-07 07:19:25', '2020-07-07 07:19:25', NULL),
	(39, 51, 1, 7, 1, 1, 1, 1, '2020-07-07 07:19:25', '2020-07-07 07:19:25', NULL),
	(40, 51, 1, 8, 1, 1, 1, 1, '2020-07-07 07:19:25', '2020-07-07 07:19:25', NULL),
	(41, 51, 1, 9, 1, 1, 1, 1, '2020-07-07 07:19:25', '2020-07-07 07:19:25', NULL),
	(42, 51, 1, 10, 1, 1, 1, 1, '2020-07-07 07:19:25', '2020-07-07 07:19:25', NULL),
	(43, 51, 1, 11, 1, 1, 1, 1, '2020-07-07 07:19:25', '2020-07-07 07:19:25', NULL),
	(44, 43, 1, 2, 1, 1, 1, 1, '2020-07-09 22:16:38', '2020-07-09 22:16:38', NULL),
	(45, 43, 1, 3, 1, 1, 1, 1, '2020-07-09 22:16:38', '2020-07-09 22:16:38', NULL),
	(46, 43, 1, 4, 1, 1, 1, 1, '2020-07-09 22:16:38', '2020-07-09 22:16:38', NULL),
	(47, 43, 1, 5, 1, 1, 1, 1, '2020-07-09 22:16:38', '2020-07-09 22:16:38', NULL),
	(48, 43, 1, 6, 1, 1, 1, 1, '2020-07-09 22:16:38', '2020-07-09 22:16:38', NULL),
	(49, 43, 1, 7, 1, 1, 1, 1, '2020-07-09 22:16:38', '2020-07-09 22:16:38', NULL),
	(50, 43, 1, 8, 1, 1, 1, 1, '2020-07-09 22:16:38', '2020-07-09 22:16:38', NULL),
	(51, 43, 1, 9, 1, 1, 1, 1, '2020-07-09 22:16:38', '2020-07-09 22:16:38', NULL),
	(52, 43, 1, 10, 1, 1, 1, 1, '2020-07-09 22:16:38', '2020-07-09 22:16:38', NULL),
	(53, 43, 1, 11, 1, 1, 1, 1, '2020-07-09 22:16:38', '2020-07-09 22:16:38', NULL),
	(54, 52, 2, 2, 1, 1, 1, 1, '2020-07-10 09:44:28', '2020-07-10 09:44:28', NULL),
	(55, 52, 2, 3, 1, 1, 1, 1, '2020-07-10 09:44:28', '2020-07-10 09:44:28', NULL),
	(56, 52, 2, 4, 0, 0, 0, 0, '2020-07-10 14:06:29', '2020-07-10 14:06:28', NULL),
	(57, 52, 2, 5, 1, 1, 1, 1, '2020-07-10 09:44:29', '2020-07-10 09:44:29', NULL),
	(58, 52, 2, 6, 1, 1, 1, 1, '2020-07-10 09:44:29', '2020-07-10 09:44:29', NULL),
	(59, 52, 2, 7, 1, 1, 1, 0, '2020-07-10 14:07:35', '2020-07-10 14:07:34', NULL),
	(60, 52, 2, 8, 0, 1, 1, 1, '2020-07-10 14:06:08', '2020-07-10 14:06:06', NULL),
	(61, 52, 2, 9, 1, 1, 1, 1, '2020-07-10 09:44:29', '2020-07-10 09:44:29', NULL),
	(62, 52, 2, 10, 0, 1, 1, 1, '2020-07-10 14:05:48', '2020-07-10 14:05:47', NULL),
	(63, 52, 2, 11, 0, 0, 0, 0, '2020-07-10 14:06:33', '2020-07-10 14:06:31', NULL),
	(84, 55, 2, 2, 1, 1, 1, 1, '2020-07-10 13:17:02', '2020-07-10 13:17:02', NULL),
	(85, 55, 2, 3, 1, 1, 1, 1, '2020-07-10 13:17:02', '2020-07-10 13:17:02', NULL),
	(86, 55, 2, 4, 1, 1, 1, 1, '2020-07-10 13:17:02', '2020-07-10 13:17:02', NULL),
	(87, 55, 2, 5, 1, 1, 1, 1, '2020-07-10 13:17:02', '2020-07-10 13:17:02', NULL),
	(88, 55, 2, 6, 1, 1, 1, 1, '2020-07-10 13:17:02', '2020-07-10 13:17:02', NULL),
	(89, 55, 2, 7, 1, 1, 1, 1, '2020-07-10 13:17:03', '2020-07-10 13:17:03', NULL),
	(90, 55, 2, 8, 1, 1, 1, 1, '2020-07-10 13:17:03', '2020-07-10 13:17:03', NULL),
	(91, 55, 2, 9, 1, 1, 1, 1, '2020-07-10 13:17:03', '2020-07-10 13:17:03', NULL),
	(92, 55, 2, 10, 1, 1, 1, 1, '2020-07-10 13:17:03', '2020-07-10 13:17:03', NULL),
	(93, 55, 2, 11, 1, 1, 1, 1, '2020-07-10 13:17:03', '2020-07-10 13:17:03', NULL);
/*!40000 ALTER TABLE `usuarios_modulos` ENABLE KEYS */;

-- Copiando estrutura para tabela realbi53_tonie.vendas
CREATE TABLE IF NOT EXISTS `vendas` (
  `id` int(11) NOT NULL AUTO_INCREMENT,
  `id_usuario` int(11) NOT NULL,
  `id_meio_pagamento` int(11) NOT NULL,
  `id_empresa` int(11) NOT NULL,
  `id_produto` int(11) DEFAULT NULL,
  `preco` double DEFAULT '0',
  `quantidade` int(11) DEFAULT NULL,
  `valor` double NOT NULL DEFAULT '0',
  `created_at` timestamp NOT NULL DEFAULT CURRENT_TIMESTAMP ON UPDATE CURRENT_TIMESTAMP,
  `updated_at` timestamp NOT NULL DEFAULT '0000-00-00 00:00:00',
  PRIMARY KEY (`id`),
  KEY `FK_vendas_meios_de_pagamento` (`id_meio_pagamento`),
  KEY `FK_vendas_usuarios` (`id_usuario`),
  KEY `FK_vendas_clientes` (`id_empresa`),
  CONSTRAINT `FK_vendas_clientes` FOREIGN KEY (`id_empresa`) REFERENCES `empresas` (`id`),
  CONSTRAINT `FK_vendas_meios_de_pagamento` FOREIGN KEY (`id_meio_pagamento`) REFERENCES `meios_pagamentos` (`id`),
  CONSTRAINT `FK_vendas_usuarios` FOREIGN KEY (`id_usuario`) REFERENCES `usuarios` (`id`)
) ENGINE=InnoDB AUTO_INCREMENT=396 DEFAULT CHARSET=latin1;

-- Copiando dados para a tabela realbi53_tonie.vendas: ~210 rows (aproximadamente)
/*!40000 ALTER TABLE `vendas` DISABLE KEYS */;
INSERT INTO `vendas` (`id`, `id_usuario`, `id_meio_pagamento`, `id_empresa`, `id_produto`, `preco`, `quantidade`, `valor`, `created_at`, `updated_at`) VALUES
	(1, 1, 1, 1, 0, 0, 0, 11, '2020-04-25 01:58:13', '2020-04-25 01:58:13'),
	(2, 1, 3, 1, 0, 0, 0, 12, '2020-04-25 01:58:43', '2020-04-25 01:58:43'),
	(3, 1, 2, 1, 0, 0, 0, 50, '2020-04-25 01:59:08', '2020-04-25 01:59:08'),
	(6, 38, 2, 1, 0, 0, 0, 40, '2020-04-25 19:22:24', '2020-04-25 19:22:24'),
	(8, 38, 3, 1, 0, 0, 0, 20, '2020-04-25 20:35:46', '2020-04-25 20:35:46'),
	(9, 38, 1, 1, 0, 0, 0, 12, '2020-04-25 21:38:50', '2020-04-25 21:38:50'),
	(10, 1, 1, 1, 0, 0, 0, 10, '2020-04-25 21:47:54', '2020-04-25 21:47:54'),
	(11, 38, 1, 1, 0, 0, 0, 15, '2020-04-26 09:26:22', '2020-04-26 09:26:22'),
	(12, 38, 2, 1, 0, 0, 0, 30, '2020-04-26 09:28:52', '2020-04-26 09:28:52'),
	(15, 38, 1, 1, 0, 0, 0, 15, '2020-04-26 09:49:29', '2020-04-26 09:49:29'),
	(16, 38, 3, 1, 0, 0, 0, 16, '2020-04-26 09:49:55', '2020-04-26 09:49:55'),
	(17, 1, 1, 1, 0, 0, 0, 25, '2020-04-27 23:08:22', '2020-04-27 23:08:22'),
	(18, 1, 2, 1, 0, 0, 0, 20, '2020-04-27 23:09:58', '2020-04-27 23:09:58'),
	(19, 38, 3, 1, 0, 0, 0, 15, '2020-04-27 23:10:28', '2020-04-27 23:10:28'),
	(20, 36, 1, 1, 0, 0, 0, 15, '2020-04-27 23:11:56', '2020-04-27 23:11:56'),
	(21, 1, 1, 1, 0, 0, 0, 15, '2020-04-28 16:03:18', '2020-04-28 16:03:18'),
	(22, 35, 2, 1, 0, 0, 0, 50, '2020-04-28 16:04:06', '2020-04-28 16:04:06'),
	(23, 36, 3, 1, 0, 0, 0, 12, '2020-04-28 16:04:24', '2020-04-28 16:04:24'),
	(24, 2, 1, 1, 0, 0, 0, 12, '2020-04-28 17:20:26', '2020-04-28 17:20:26'),
	(25, 1, 1, 1, 0, 0, 0, 15, '2020-04-28 17:45:52', '2020-04-28 17:45:52'),
	(26, 1, 1, 1, 0, 0, 0, 15, '2020-05-01 20:02:12', '2020-05-01 20:02:12'),
	(27, 35, 3, 1, 0, 0, 0, 25, '2020-05-01 20:02:36', '2020-05-01 20:02:36'),
	(28, 36, 2, 1, 0, 0, 0, 50, '2020-05-01 20:03:39', '2020-05-01 20:03:39'),
	(29, 36, 1, 1, 0, 0, 0, 12, '2020-05-01 20:52:10', '2020-05-01 20:52:10'),
	(33, 1, 1, 1, 0, 0, 0, 25, '2020-05-03 13:53:42', '2020-05-03 13:53:42'),
	(34, 1, 1, 1, 0, 0, 0, 50, '2020-05-05 21:35:54', '2020-05-05 21:35:54'),
	(35, 1, 3, 1, 0, 0, 0, 15, '2020-05-05 21:36:48', '2020-05-05 21:36:48'),
	(36, 35, 2, 1, 0, 0, 0, 12, '2020-05-05 21:55:46', '2020-05-05 21:55:46'),
	(37, 38, 2, 1, 0, 0, 0, 50, '2020-05-05 21:57:05', '2020-05-05 21:57:05'),
	(38, 1, 1, 1, 0, 0, 0, 15, '2020-05-16 03:05:30', '2020-05-16 03:05:30'),
	(39, 36, 3, 1, 0, 0, 0, 10, '2020-05-16 03:06:11', '2020-05-16 03:06:11'),
	(40, 1, 2, 1, 0, 0, 0, 25, '2020-05-16 18:26:12', '2020-05-16 18:26:12'),
	(41, 1, 3, 1, 0, 0, 0, 12, '2020-05-17 18:41:09', '2020-05-17 18:41:09'),
	(53, 1, 1, 1, 0, 0, 0, 2445, '2020-05-18 22:09:49', '2020-05-18 22:09:49'),
	(54, 1, 1, 1, 0, 0, 0, 2445, '2020-05-18 22:10:36', '2020-05-18 22:10:36'),
	(55, 1, 1, 1, 0, 0, 0, 2445.85, '2020-05-18 22:15:01', '2020-05-18 22:15:01'),
	(56, 1, 1, 1, 0, 0, 0, 2440.8, '2020-05-18 22:16:09', '2020-05-18 22:16:09'),
	(57, 1, 1, 1, 0, 0, 0, 25, '2020-05-18 22:16:28', '2020-05-18 22:16:28'),
	(58, 1, 1, 1, 0, 0, 0, 15.45, '2020-05-18 22:17:17', '2020-05-18 22:17:17'),
	(59, 1, 2, 1, 0, 0, 0, 1000, '2020-05-18 22:23:19', '2020-05-18 22:23:19'),
	(60, 1, 1, 1, 0, 0, 0, 1500, '2020-05-18 22:25:07', '2020-05-18 22:25:07'),
	(61, 36, 3, 1, 0, 0, 0, 1250, '2020-05-18 22:28:53', '2020-05-18 22:28:53'),
	(125, 1, 1, 1, 6, 30, 2, 60, '2020-05-23 01:32:46', '2020-05-23 01:32:46'),
	(126, 1, 1, 1, 5, 3.99, 2, 7.98, '2020-05-23 01:32:47', '2020-05-23 01:32:47'),
	(127, 1, 1, 1, 2, 13, 1, 13, '2020-05-23 18:50:07', '2020-05-23 18:50:07'),
	(128, 1, 1, 1, NULL, 0, NULL, 5, '2020-05-23 18:52:59', '2020-05-23 18:52:59'),
	(129, 1, 1, 1, NULL, 0, NULL, 15, '2020-05-24 14:20:28', '2020-05-24 14:20:28'),
	(130, 2, 3, 1, NULL, 0, NULL, 25, '2020-05-24 14:22:36', '2020-05-24 14:22:36'),
	(132, 36, 2, 1, NULL, 0, NULL, 203.5, '2020-05-24 14:25:15', '2020-05-24 14:25:15'),
	(133, 1, 1, 1, 6, 30, 2, 60, '2020-05-25 08:56:17', '2020-05-25 08:56:17'),
	(134, 1, 1, 1, 5, 3.99, 1, 3.99, '2020-05-25 08:56:18', '2020-05-25 08:56:18'),
	(135, 1, 1, 1, 4, 3.49, 1, 3.49, '2020-05-25 08:56:19', '2020-05-25 08:56:19'),
	(136, 1, 1, 1, 7, 25, 1, 25, '2020-05-25 08:56:19', '2020-05-25 08:56:19'),
	(137, 1, 1, 1, NULL, 0, NULL, 0.1, '2020-05-25 16:52:15', '2020-05-25 16:52:15'),
	(138, 1, 2, 1, NULL, 0, NULL, 50, '2020-05-25 16:54:22', '2020-05-25 16:54:22'),
	(139, 1, 1, 1, NULL, 0, NULL, 25.2, '2020-05-25 23:14:09', '2020-05-25 23:14:09'),
	(140, 1, 3, 1, 6, 30, 1, 30, '2020-05-25 23:16:01', '2020-05-25 23:16:01'),
	(141, 1, 3, 1, 4, 3.49, 1, 3.49, '2020-05-25 23:16:02', '2020-05-25 23:16:02'),
	(142, 1, 2, 1, 6, 30, 1, 30, '2020-05-26 15:14:51', '2020-05-26 15:14:51'),
	(143, 1, 1, 1, 2, 13, 1, 13, '2020-05-27 05:24:56', '2020-05-27 05:24:56'),
	(144, 1, 1, 1, 5, 3.99, 1, 3.99, '2020-05-27 05:24:56', '2020-05-27 05:24:56'),
	(145, 1, 1, 1, 1, 10.5, 1, 10.5, '2020-05-27 05:24:57', '2020-05-27 05:24:57'),
	(146, 1, 2, 1, 3, 18, 1, 18, '2020-05-27 15:30:00', '2020-05-27 15:30:00'),
	(147, 1, 2, 1, 2, 13, 1, 13, '2020-05-27 15:30:04', '2020-05-27 15:30:04'),
	(148, 1, 2, 1, 5, 3.99, 2, 7.98, '2020-05-27 15:30:05', '2020-05-27 15:30:05'),
	(149, 1, 2, 1, 6, 30, 1, 30, '2020-05-27 15:30:07', '2020-05-27 15:30:07'),
	(150, 36, 3, 1, NULL, 0, NULL, 17, '2020-05-27 15:33:16', '2020-05-27 15:33:16'),
	(151, 1, 1, 1, 7, 25, 1, 25, '2020-05-28 22:14:06', '2020-05-28 22:14:06'),
	(152, 1, 1, 1, 4, 3.49, 2, 6.98, '2020-05-30 03:07:19', '2020-05-30 03:07:19'),
	(153, 1, 1, 1, 2, 13, 1, 13, '2020-06-06 01:59:38', '2020-06-06 01:59:38'),
	(154, 1, 1, 1, 1, 10.5, 5, 52.5, '2020-06-06 01:59:39', '2020-06-06 01:59:39'),
	(155, 1, 2, 1, 3, 18, 1, 18, '2020-06-06 20:45:01', '2020-06-06 20:45:01'),
	(156, 1, 2, 1, 4, 3.49, 1, 3.49, '2020-06-06 20:45:01', '2020-06-06 20:45:01'),
	(157, 35, 3, 1, NULL, 0, NULL, 25, '2020-06-06 20:45:48', '2020-06-06 20:45:48'),
	(158, 1, 1, 1, NULL, 0, NULL, 15, '2020-06-07 09:47:32', '2020-06-07 09:47:32'),
	(159, 38, 3, 1, NULL, 0, NULL, 38, '2020-06-08 10:38:15', '2020-06-08 10:38:15'),
	(160, 38, 2, 1, NULL, 0, NULL, 250, '2020-06-08 11:26:59', '2020-06-08 11:26:59'),
	(161, 1, 2, 1, 8, 1500, 1, 1500, '2020-06-08 21:35:16', '2020-06-08 21:35:16'),
	(162, 1, 2, 1, 9, 2580, 1, 2580, '2020-06-08 21:43:41', '2020-06-08 21:43:41'),
	(163, 1, 2, 1, 8, 1500, 1, 1500, '2020-06-08 21:43:42', '2020-06-08 21:43:42'),
	(164, 1, 1, 1, 2, 13, 1, 13, '2020-06-10 14:23:51', '2020-06-10 14:23:51'),
	(165, 47, 2, 1, 9, 2580, 1, 2580, '2020-06-10 15:18:17', '2020-06-10 15:18:17'),
	(166, 1, 3, 1, 7, 25, 1, 25, '2020-06-10 19:42:33', '2020-06-10 19:42:33'),
	(167, 1, 3, 1, 5, 3.99, 1, 3.99, '2020-06-10 19:42:33', '2020-06-10 19:42:33'),
	(168, 1, 1, 1, 2, 13, 1, 13, '2020-06-11 20:29:11', '2020-06-11 20:29:11'),
	(169, 1, 1, 1, 6, 30, 1, 30, '2020-06-12 11:53:21', '2020-06-12 11:53:21'),
	(170, 1, 1, 1, 5, 3.99, 2, 7.98, '2020-06-12 11:53:21', '2020-06-12 11:53:21'),
	(171, 1, 1, 1, 5, 3.99, 1, 3.99, '2020-06-13 20:21:33', '2020-06-13 20:21:33'),
	(172, 49, 1, 1, 4, 3.49, 1, 3.49, '2020-06-14 20:32:40', '2020-06-14 20:32:40'),
	(173, 49, 2, 1, 6, 30, 2, 60, '2020-06-14 20:36:48', '2020-06-14 20:36:48'),
	(174, 49, 2, 1, 4, 3.49, 2, 6.98, '2020-06-14 20:36:49', '2020-06-14 20:36:49'),
	(175, 49, 1, 1, 3, 18, 1, 18, '2020-06-14 20:51:45', '2020-06-14 20:51:45'),
	(176, 1, 3, 1, 1, 10.5, 2, 21, '2020-06-14 20:52:21', '2020-06-14 20:52:21'),
	(177, 36, 2, 1, NULL, 0, NULL, 85, '2020-06-15 13:23:35', '2020-06-15 13:23:35'),
	(178, 1, 1, 1, NULL, 0, NULL, 50, '2020-06-15 18:10:38', '2020-06-15 18:10:38'),
	(179, 1, 1, 1, 3, 18, 1, 18, '2020-06-15 18:12:39', '2020-06-15 18:12:39'),
	(180, 1, 1, 1, 1, 10.5, 1, 10.5, '2020-06-15 18:12:40', '2020-06-15 18:12:40'),
	(181, 1, 2, 1, NULL, 0, NULL, 75, '2020-06-15 18:15:56', '2020-06-15 18:15:56'),
	(182, 1, 3, 1, NULL, 0, NULL, 25.5, '2020-06-15 18:49:01', '2020-06-15 18:49:01'),
	(183, 35, 2, 1, NULL, 0, NULL, 47, '2020-06-15 20:48:36', '2020-06-15 20:48:36'),
	(184, 46, 2, 1, NULL, 0, NULL, 150, '2020-06-15 21:07:21', '2020-06-15 21:07:21'),
	(185, 2, 1, 1, NULL, 0, NULL, 15, '2020-06-15 21:10:44', '2020-06-15 21:10:44'),
	(187, 1, 1, 1, NULL, 12, NULL, 12, '2020-08-14 20:46:41', '2020-06-16 08:42:39'),
	(188, 1, 1, 1, NULL, 0, NULL, 17.5, '2020-06-16 08:42:47', '2020-06-16 08:42:47'),
	(189, 46, 1, 1, NULL, 0, NULL, 25, '2020-06-17 07:31:22', '2020-06-17 07:31:22'),
	(190, 38, 3, 1, NULL, 0, NULL, 115, '2020-06-17 18:22:28', '2020-06-17 18:22:28'),
	(191, 1, 1, 1, NULL, 0, NULL, 4, '2020-06-19 06:32:51', '2020-06-19 06:32:51'),
	(192, 1, 1, 1, NULL, 0, NULL, 42, '2020-06-19 06:33:06', '2020-06-19 06:33:06'),
	(193, 46, 2, 1, NULL, 0, NULL, 15, '2020-06-19 07:38:52', '2020-06-19 07:38:52'),
	(194, 38, 2, 1, NULL, 0, NULL, 175, '2020-06-19 07:39:20', '2020-06-19 07:39:20'),
	(195, 1, 1, 1, NULL, 0, NULL, 15, '2020-06-19 08:20:21', '2020-06-19 08:20:21'),
	(196, 1, 3, 1, NULL, 0, NULL, 7, '2020-06-19 08:32:59', '2020-06-19 08:32:59'),
	(197, 36, 3, 1, NULL, 0, NULL, 70, '2020-06-19 10:20:31', '2020-06-19 10:20:31'),
	(198, 1, 2, 1, NULL, 0, NULL, 1000, '2020-06-19 21:00:20', '2020-06-19 21:00:20'),
	(199, 35, 2, 1, NULL, 0, NULL, 150, '2020-06-20 09:23:51', '2020-06-20 09:23:51'),
	(200, 1, 1, 1, NULL, 0, NULL, 16, '2020-06-20 15:33:34', '2020-06-20 15:33:34'),
	(201, 1, 1, 1, NULL, 0, NULL, 16.5, '2020-06-21 05:53:36', '2020-06-21 05:53:36'),
	(202, 1, 2, 1, NULL, 0, NULL, 17, '2020-06-22 13:29:36', '2020-06-22 13:29:36'),
	(203, 1, 1, 1, 2, 13, 2, 26, '2020-06-22 13:30:25', '2020-06-22 13:30:25'),
	(204, 1, 1, 1, 1, 10.5, 1, 10.5, '2020-06-22 13:30:25', '2020-06-22 13:30:25'),
	(205, 1, 2, 1, 3, 18, 1, 18, '2020-06-22 20:57:46', '2020-06-22 20:57:46'),
	(206, 1, 2, 1, 6, 30, 1, 30, '2020-06-22 20:57:47', '2020-06-22 20:57:47'),
	(207, 1, 2, 1, 10, 26, 1, 26, '2020-06-23 18:16:39', '2020-06-23 18:16:39'),
	(208, 1, 2, 1, 4, 3.49, 1, 3.49, '2020-06-23 18:16:39', '2020-06-23 18:16:39'),
	(209, 1, 1, 1, 3, 18, 1, 18, '2020-06-24 11:50:24', '2020-06-24 11:50:24'),
	(210, 36, 3, 1, NULL, 0, NULL, 17, '2020-06-24 12:01:47', '2020-06-24 12:01:47'),
	(211, 1, 1, 1, 3, 18, 1, 18, '2020-06-24 20:15:14', '2020-06-24 20:15:14'),
	(212, 1, 2, 1, 2, 13, 1, 13, '2020-06-24 20:20:25', '2020-06-24 20:20:25'),
	(213, 1, 2, 1, 6, 30, 1, 30, '2020-06-24 20:20:25', '2020-06-24 20:20:25'),
	(214, 1, 2, 1, 9, 2580, 1, 2580, '2020-06-24 20:24:14', '2020-06-24 20:24:14'),
	(215, 1, 2, 1, 9, 2580, 1, 2580, '2020-06-25 06:42:43', '2020-06-25 06:42:43'),
	(216, 1, 2, 1, 9, 2580, 1, 2580, '2020-06-26 13:31:40', '2020-06-26 13:31:40'),
	(217, 1, 3, 1, 2, 13, 1, 13, '2020-06-26 13:31:59', '2020-06-26 13:31:59'),
	(218, 1, 1, 1, 6, 30, 1, 30, '2020-06-26 13:32:22', '2020-06-26 13:32:22'),
	(219, 1, 1, 1, 5, 3.99, 1, 3.99, '2020-06-26 13:32:23', '2020-06-26 13:32:23'),
	(220, 1, 1, 1, 1, 10.5, 3, 31.5, '2020-06-26 13:34:18', '2020-06-26 13:34:18'),
	(221, 1, 3, 1, 6, 30, 1, 30, '2020-06-26 22:32:52', '2020-06-26 22:32:52'),
	(222, 1, 3, 1, 5, 3.99, 2, 7.98, '2020-06-26 22:32:52', '2020-06-26 22:32:52'),
	(223, 1, 1, 1, NULL, 0, NULL, 45, '2020-06-26 22:33:25', '2020-06-26 22:33:25'),
	(224, 46, 1, 1, NULL, 0, NULL, 15.5, '2020-06-27 07:56:43', '2020-06-27 07:56:43'),
	(225, 38, 1, 1, NULL, 0, NULL, 28.1, '2020-06-27 07:57:55', '2020-06-27 07:57:55'),
	(226, 1, 2, 1, 6, 30, 1, 30, '2020-06-27 15:40:20', '2020-06-27 15:40:20'),
	(227, 1, 2, 1, 4, 3.49, 2, 6.98, '2020-06-27 15:40:20', '2020-06-27 15:40:20'),
	(228, 1, 1, 1, NULL, 0, NULL, 52, '2020-06-27 15:41:13', '2020-06-27 15:41:13'),
	(229, 38, 2, 1, NULL, 0, NULL, 7.84, '2020-06-28 08:46:58', '2020-06-28 08:46:58'),
	(230, 1, 1, 1, NULL, 0, NULL, 10, '2020-06-28 10:17:29', '2020-06-28 10:17:29'),
	(231, 1, 1, 1, 6, 30, 2, 60, '2020-06-28 10:19:07', '2020-06-28 10:19:07'),
	(232, 1, 1, 1, 5, 3.99, 2, 7.98, '2020-06-28 10:19:07', '2020-06-28 10:19:07'),
	(233, 1, 2, 1, 7, 25, 2, 50, '2020-06-29 13:03:22', '2020-06-29 13:03:22'),
	(234, 1, 2, 1, 4, 3.49, 2, 6.98, '2020-06-29 13:03:22', '2020-06-29 13:03:22'),
	(235, 1, 1, 1, 10, 26, 1, 26, '2020-06-29 13:39:17', '2020-06-29 13:39:17'),
	(236, 1, 2, 1, 8, 1500, 1, 1500, '2020-06-30 11:14:08', '2020-06-30 11:14:08'),
	(237, 1, 1, 1, 3, 18, 1, 18, '2020-07-01 21:41:09', '2020-07-01 21:41:09'),
	(238, 1, 2, 1, 10, 26, 2, 52, '2020-07-01 22:08:45', '2020-07-01 22:08:45'),
	(239, 1, 2, 1, 4, 3.49, 2, 6.98, '2020-07-01 22:08:45', '2020-07-01 22:08:45'),
	(240, 1, 1, 1, 2, 13, 1, 13, '2020-07-02 08:26:18', '2020-07-02 08:26:18'),
	(241, 1, 1, 1, 5, 3.99, 1, 3.99, '2020-07-03 12:39:51', '2020-07-03 12:39:51'),
	(242, 1, 3, 1, 2, 13, 2, 26, '2020-07-04 00:02:35', '2020-07-04 00:02:35'),
	(243, 1, 3, 1, 5, 3.99, 2, 7.98, '2020-07-04 00:02:35', '2020-07-04 00:02:35'),
	(244, 1, 1, 1, 3, 18, 1, 18, '2020-07-04 22:56:36', '2020-07-04 22:56:36'),
	(245, 1, 1, 1, 1, 10.5, 1, 10.5, '2020-07-04 22:56:36', '2020-07-04 22:56:36'),
	(246, 1, 1, 1, 3, 18, 1, 18, '2020-07-07 23:14:34', '2020-07-07 23:14:34'),
	(247, 1, 1, 1, 6, 30, 1, 30, '2020-07-07 23:14:34', '2020-07-07 23:14:34'),
	(248, 1, 2, 1, 9, 2580, 1, 2580, '2020-07-09 15:18:27', '2020-07-09 15:18:27'),
	(249, 43, 3, 1, 7, 25, 2, 50, '2020-07-09 22:19:25', '2020-07-09 22:19:25'),
	(250, 43, 3, 1, 3, 18, 1, 18, '2020-07-09 22:19:25', '2020-07-09 22:19:25'),
	(251, 1, 1, 1, 3, 18, 1, 18, '2020-07-12 19:35:38', '2020-07-12 19:35:38'),
	(252, 1, 1, 1, 3, 18, 1, 18, '2020-07-14 21:11:51', '2020-07-14 21:11:51'),
	(253, 1, 1, 1, 8, 1500, 2, 3000, '2020-07-14 21:13:02', '2020-07-14 21:13:02'),
	(254, 36, 3, 1, NULL, 0, NULL, 47, '2020-07-14 21:14:11', '2020-07-14 21:14:11'),
	(255, 43, 1, 1, NULL, 0, NULL, 47, '2020-07-17 20:09:48', '2020-07-17 20:09:48'),
	(256, 43, 2, 1, 3, 18, 1, 18, '2020-07-17 20:10:23', '2020-07-17 20:10:23'),
	(257, 43, 2, 1, 5, 3.99, 1, 3.99, '2020-07-17 20:10:23', '2020-07-17 20:10:23'),
	(258, 43, 3, 1, 2, 13, 1, 13, '2020-07-18 20:04:54', '2020-07-18 20:04:54'),
	(259, 1, 1, 1, 1, 10.5, 1, 10.5, '2020-07-19 11:10:31', '2020-07-19 11:10:31'),
	(260, 1, 1, 1, 2, 13, 1, 13, '2020-07-19 11:10:31', '2020-07-19 11:10:31'),
	(261, 1, 1, 1, 3, 18, 1, 18, '2020-07-19 11:10:31', '2020-07-19 11:10:31'),
	(262, 1, 1, 1, 4, 3.49, 1, 3.49, '2020-07-19 11:10:31', '2020-07-19 11:10:31'),
	(263, 1, 1, 1, 5, 3.99, 1, 3.99, '2020-07-19 11:10:31', '2020-07-19 11:10:31'),
	(264, 1, 1, 1, 6, 30, 1, 30, '2020-07-19 11:10:31', '2020-07-19 11:10:31'),
	(265, 35, 1, 1, NULL, 0, NULL, 75, '2020-07-19 22:14:28', '2020-07-19 22:14:28'),
	(266, 1, 1, 1, NULL, 0, NULL, 7.4, '2020-07-21 03:07:59', '2020-07-21 03:07:59'),
	(267, 43, 1, 1, NULL, 0, NULL, 75, '2020-07-23 09:50:09', '2020-07-23 09:50:09'),
	(268, 43, 1, 1, NULL, 0, NULL, 7.4, '2020-07-24 21:24:12', '2020-07-24 21:24:12'),
	(269, 1, 3, 1, NULL, 0, NULL, 30, '2020-07-25 19:24:08', '2020-07-25 19:24:08'),
	(270, 1, 2, 1, NULL, 0, NULL, 50, '2020-07-25 19:30:09', '2020-07-25 19:30:09'),
	(271, 1, 2, 1, 10, 26, 1, 26, '2020-07-26 14:55:56', '2020-07-26 14:55:56'),
	(272, 1, 2, 1, 8, 1500, 1, 1500, '2020-07-26 14:55:56', '2020-07-26 14:55:56'),
	(273, 1, 1, 1, 4, 3.49, 2, 6.98, '2020-07-26 14:58:03', '2020-07-26 14:58:03'),
	(274, 1, 1, 1, 2, 13, 1, 13, '2020-07-26 14:58:03', '2020-07-26 14:58:03'),
	(275, 1, 2, 1, 32, 501.06, 1, 501.06, '2020-07-27 10:02:20', '2020-07-27 10:02:20'),
	(276, 1, 2, 1, 33, 623.41, 1, 623.41, '2020-07-27 10:02:20', '2020-07-27 10:02:20'),
	(277, 1, 1, 1, 2, 13, 1, 13, '2020-07-30 05:18:33', '2020-07-30 05:18:33'),
	(278, 1, 1, 1, 6, 30, 1, 30, '2020-07-30 05:18:33', '2020-07-30 05:18:33'),
	(279, 1, 1, 1, 2, 13, 2, 26, '2020-07-30 19:47:30', '2020-07-30 19:47:30'),
	(280, 35, 2, 1, NULL, 0, NULL, 70, '2020-08-08 12:16:57', '2020-08-08 12:16:57'),
	(281, 46, 3, 1, NULL, 0, NULL, 78, '2020-08-09 00:55:35', '2020-08-09 00:55:35'),
	(282, 1, 1, 1, NULL, 0, NULL, 40, '2020-08-13 15:38:31', '2020-08-13 15:38:31'),
	(283, 36, 2, 1, NULL, 0, NULL, 150, '2020-08-14 20:11:42', '2020-08-14 20:11:42'),
	(290, 1, 2, 1, 0, 150, 1, 150, '2020-08-14 20:42:34', '2020-08-01 00:00:00'),
	(291, 1, 2, 1, 0, 110, 1, 110, '2020-08-14 20:42:31', '2020-08-01 00:00:00'),
	(292, 2, 2, 1, 0, 110, 1, 110, '2020-08-14 20:42:28', '2020-08-02 00:00:00'),
	(293, 1, 2, 1, 0, 40, 1, 40, '2020-08-14 20:42:24', '2020-08-02 00:00:00'),
	(300, 57, 2, 1, 0, 21, 1, 21, '2020-08-14 20:41:29', '2020-08-02 00:00:00'),
	(301, 1, 2, 1, 2, 13, 1, 13, '2020-08-14 20:44:39', '2020-08-14 20:44:39'),
	(302, 1, 2, 1, 4, 3.49, 1, 3.49, '2020-08-14 20:44:39', '2020-08-14 20:44:39'),
	(303, 1, 3, 1, 9, 2580, 1, 2580, '2020-08-14 20:45:02', '2020-08-14 20:45:02'),
	(304, 36, 3, 1, 1, 10.5, 1, 10.5, '2020-08-14 20:57:28', '2020-08-14 20:57:28'),
	(305, 36, 3, 1, 5, 3.99, 1, 3.99, '2020-08-14 20:57:28', '2020-08-14 20:57:28'),
	(306, 36, 3, 1, 6, 30, 1, 30, '2020-08-14 20:57:28', '2020-08-14 20:57:28'),
	(307, 36, 3, 1, 6, 30, 1, 30, '2020-08-14 20:57:51', '2020-08-14 20:57:51'),
	(308, 36, 3, 1, 10, 26, 1, 26, '2020-08-14 20:57:51', '2020-08-14 20:57:51'),
	(309, 36, 3, 1, 7, 25, 1, 25, '2020-08-14 20:58:18', '2020-08-14 20:58:18'),
	(310, 36, 3, 1, 2, 13, 1, 13, '2020-08-14 20:58:45', '2020-08-14 20:58:45'),
	(311, 36, 3, 1, NULL, 0, NULL, 16.5, '2020-08-14 20:59:40', '2020-08-14 20:59:40'),
	(312, 1, 1, 1, 2, 13, 1, 13, '2020-08-16 13:39:58', '2020-08-16 13:39:58'),
	(313, 1, 1, 1, 4, 3.49, 1, 3.49, '2020-08-16 13:39:58', '2020-08-16 13:39:58'),
	(314, 43, 2, 1, 6, 30, 1, 30, '2020-08-16 13:54:09', '2020-08-16 13:54:09'),
	(315, 43, 2, 1, 5, 3.99, 1, 3.99, '2020-08-16 13:54:09', '2020-08-16 13:54:09'),
	(316, 43, 2, 1, 1, 10.5, 1, 10.5, '2020-08-16 13:54:09', '2020-08-16 13:54:09'),
	(317, 43, 2, 1, 2, 13, 3444, 44772, '2020-08-16 13:54:09', '2020-08-16 13:54:09'),
	(318, 43, 2, 1, 3, 18, 1, 18, '2020-08-16 13:54:09', '2020-08-16 13:54:09'),
	(319, 1, 3, 1, 3, 18, 1, 18, '2020-08-18 11:04:11', '2020-08-18 11:04:11'),
	(320, 1, 3, 1, 1, 10.5, 1, 10.5, '2020-08-18 11:04:11', '2020-08-18 11:04:11'),
	(321, 1, 3, 1, 6, 30, 1, 30, '2020-08-18 11:04:11', '2020-08-18 11:04:11'),
	(322, 36, 2, 1, NULL, 0, NULL, 850, '2020-08-18 11:07:29', '2020-08-18 11:07:29'),
	(323, 36, 1, 1, NULL, 0, NULL, 150, '2020-08-18 11:07:43', '2020-08-18 11:07:43'),
	(324, 1, 3, 1, NULL, 0, NULL, 18.3, '2020-08-19 09:07:34', '2020-08-19 09:07:34'),
	(325, 1, 2, 1, 1, 10.5, 1, 10.5, '2020-08-21 16:15:28', '2020-08-21 16:15:28'),
	(326, 1, 2, 1, 1, 10.5, 1, 10.5, '2020-08-21 17:21:59', '2020-08-21 17:21:59'),
	(327, 1, 2, 1, 1, 10.5, 1, 10.5, '2020-08-21 17:26:15', '2020-08-21 17:26:15'),
	(328, 1, 2, 1, 1, 10.5, 1, 10.5, '2020-08-21 17:55:30', '2020-08-21 17:55:30'),
	(329, 1, 2, 1, 1, 10.5, 1, 10.5, '2020-08-21 17:56:50', '2020-08-21 17:56:50'),
	(330, 1, 1, 1, 2, 13, 1, 13, '2020-08-21 22:31:27', '2020-08-21 22:31:27'),
	(331, 1, 3, 1, 1, 10.5, 1, 10.5, '2020-08-21 22:48:29', '2020-08-21 22:48:29'),
	(332, 1, 3, 1, 1, 10.5, 1, 10.5, '2020-08-21 22:51:56', '2020-08-21 22:51:56'),
	(333, 1, 3, 1, 1, 10.5, 1, 10.5, '2020-08-21 23:01:58', '2020-08-21 23:01:58'),
	(334, 1, 3, 1, 1, 10.5, 1, 10.5, '2020-08-21 23:10:46', '2020-08-21 23:10:46'),
	(335, 1, 3, 1, 1, 10.5, 1, 10.5, '2020-08-21 23:11:56', '2020-08-21 23:11:56'),
	(336, 1, 3, 1, 1, 10.5, 1, 10.5, '2020-08-21 23:16:48', '2020-08-21 23:16:48'),
	(337, 1, 3, 1, 1, 10.5, 1, 10.5, '2020-08-21 23:17:50', '2020-08-21 23:17:50'),
	(338, 1, 3, 1, 1, 10.5, 1, 10.5, '2020-08-21 23:20:32', '2020-08-21 23:20:32'),
	(339, 1, 1, 1, 2, 13, 1, 13, '2020-08-21 23:20:55', '2020-08-21 23:20:55'),
	(340, 1, 3, 1, 1, 10.5, 1, 10.5, '2020-08-21 23:25:40', '2020-08-21 23:25:40'),
	(341, 1, 3, 1, 1, 10.5, 1, 10.5, '2020-08-21 23:26:30', '2020-08-21 23:26:30'),
	(342, 1, 3, 1, 1, 10.5, 1, 10.5, '2020-08-21 23:28:17', '2020-08-21 23:28:17'),
	(343, 1, 3, 1, 1, 10.5, 1, 10.5, '2020-08-21 23:35:27', '2020-08-21 23:35:27'),
	(344, 1, 3, 1, 1, 10.5, 1, 10.5, '2020-08-21 23:39:57', '2020-08-21 23:39:57'),
	(345, 1, 3, 1, 1, 10.5, 1, 10.5, '2020-08-23 00:51:33', '2020-08-23 00:51:33'),
	(346, 1, 3, 1, 1, 10.5, 1, 10.5, '2020-08-24 09:44:35', '2020-08-24 09:44:35'),
	(347, 1, 3, 1, 2, 13, 1, 13, '2020-08-29 01:41:11', '2020-08-29 01:41:11'),
	(348, 1, 3, 1, 4, 3.49, 1, 3.49, '2020-08-29 01:41:11', '2020-08-29 01:41:11'),
	(349, 1, 1, 1, 2, 13, 1, 13, '2020-09-01 09:13:41', '2020-09-01 09:13:41'),
	(350, 1, 2, 1, 9, 2580, 1, 2580, '2020-09-02 14:48:24', '2020-09-02 14:48:24'),
	(351, 1, 2, 1, 3, 18, 1, 18, '2020-09-03 16:10:43', '2020-09-03 16:10:43'),
	(352, 1, 2, 1, 5, 3.99, 1, 3.99, '2020-09-03 16:10:44', '2020-09-03 16:10:44'),
	(353, 1, 2, 1, 8, 1500, 1, 1500, '2020-09-04 11:22:28', '2020-09-04 11:22:28'),
	(354, 1, 1, 1, 8, 1500, 1, 1500, '2020-09-05 13:08:56', '2020-09-05 13:08:56'),
	(355, 35, 2, 1, 9, 2580, 1, 2580, '2020-09-19 11:32:37', '2020-09-19 11:32:37'),
	(356, 35, 1, 1, 1, 10.5, 1, 10.5, '2020-09-19 11:34:12', '2020-09-19 11:34:12'),
	(357, 35, 1, 1, 4, 3.49, 1, 3.49, '2020-09-19 11:34:12', '2020-09-19 11:34:12'),
	(358, 1, 3, 1, 2, 13, 1, 13, '2020-10-01 16:18:45', '2020-10-01 16:18:45'),
	(359, 1, 3, 1, 5, 3.99, 1, 3.99, '2020-10-01 16:18:45', '2020-10-01 16:18:45'),
	(360, 1, 3, 1, 1, 10.5, 1, 10.5, '2020-10-01 16:18:46', '2020-10-01 16:18:46'),
	(361, 1, 1, 1, 2, 13, 1, 13, '2020-10-15 11:54:01', '2020-10-15 11:54:01'),
	(362, 1, 1, 1, 3, 18, 1, 18, '2020-10-15 11:54:01', '2020-10-15 11:54:01'),
	(363, 1, 1, 1, 6, 30, 1, 30, '2020-10-15 11:54:01', '2020-10-15 11:54:01'),
	(364, 1, 3, 1, 4, 3.49, 1, 3.49, '2020-10-21 10:06:22', '2020-10-21 10:06:22'),
	(365, 1, 3, 1, 6, 30, 1, 30, '2020-10-21 10:06:22', '2020-10-21 10:06:22'),
	(366, 1, 1, 1, NULL, 0, NULL, 40, '2020-10-25 21:31:09', '2020-10-25 21:31:09'),
	(367, 1, 2, 1, NULL, 0, NULL, 150, '2020-11-06 08:40:06', '2020-11-06 08:40:06'),
	(368, 1, 1, 1, 6, 30, 1, 30, '2020-11-07 11:54:59', '2020-11-07 11:54:59'),
	(369, 1, 1, 1, 3, 18, 2, 36, '2020-11-07 19:54:02', '2020-11-07 19:54:02'),
	(370, 1, 2, 1, 2, 13, 1, 13, '2020-11-08 09:57:30', '2020-11-08 09:57:30'),
	(371, 1, 2, 1, 6, 30, 1, 30, '2020-11-08 09:57:30', '2020-11-08 09:57:30'),
	(372, 36, 2, 1, 1, 10.5, 1, 10.5, '2020-11-08 10:00:47', '2020-11-08 10:00:47'),
	(373, 36, 2, 1, 4, 3.49, 1, 3.49, '2020-11-08 10:00:47', '2020-11-08 10:00:47'),
	(374, 1, 3, 1, 4, 3.49, 1, 3.49, '2020-11-09 09:19:33', '2020-11-09 09:19:33'),
	(375, 1, 3, 1, 2, 13, 1, 13, '2020-11-09 09:19:33', '2020-11-09 09:19:33'),
	(376, 1, 1, 1, 4, 3.49, 1, 3.49, '2020-11-09 09:20:07', '2020-11-09 09:20:07'),
	(377, 1, 1, 1, 3, 18, 1, 18, '2020-11-09 09:20:07', '2020-11-09 09:20:07'),
	(378, 1, 1, 1, 7, 25, 1, 25, '2020-11-09 13:37:20', '2020-11-09 13:37:20'),
	(379, 62, 2, 5, 35, 40, 1, 40, '2020-11-09 14:42:42', '2020-11-09 14:42:42'),
	(380, 62, 2, 5, 37, 40, 1, 40, '2020-11-09 14:42:42', '2020-11-09 14:42:42'),
	(381, 62, 2, 5, 39, 40, 1, 40, '2020-11-09 14:42:42', '2020-11-09 14:42:42'),
	(382, 62, 2, 5, 35, 40, 1, 40, '2020-11-09 23:40:21', '2020-11-09 23:40:21'),
	(383, 62, 2, 5, 37, 40, 1, 40, '2020-11-09 23:40:21', '2020-11-09 23:40:21'),
	(384, 62, 2, 5, 39, 40, 1, 40, '2020-11-10 12:31:01', '2020-11-10 12:31:01'),
	(385, 62, 2, 5, 35, 40, 1, 40, '2020-11-10 12:31:01', '2020-11-10 12:31:01'),
	(386, 62, 3, 5, 46, 30, 1, 30, '2020-11-10 12:37:04', '2020-11-10 12:37:04'),
	(387, 62, 1, 5, 37, 40, 1, 40, '2020-11-10 21:16:11', '2020-11-10 21:16:11'),
	(388, 1, 3, 1, 2, 13, 1, 13, '2020-11-11 12:19:36', '2020-11-11 12:19:36'),
	(389, 1, 3, 1, 6, 30, 1, 30, '2020-11-11 12:19:36', '2020-11-11 12:19:36'),
	(390, 1, 3, 1, 1, 10.5, 1, 10.5, '2020-11-11 12:19:36', '2020-11-11 12:19:36'),
	(391, 1, 1, 1, NULL, 0, NULL, 10.5, '2020-11-12 15:01:28', '2020-11-12 15:01:28'),
	(392, 1, 3, 1, NULL, 0, NULL, 20, '2020-11-12 15:01:46', '2020-11-12 15:01:46'),
	(393, 2, 2, 1, NULL, 0, NULL, 185.5, '2020-11-12 15:02:28', '2020-11-12 15:02:28'),
	(394, 36, 2, 1, NULL, 0, NULL, 400, '2020-11-12 15:03:19', '2020-11-12 15:03:19'),
	(395, 35, 1, 1, NULL, 0, NULL, 85, '2020-11-12 15:03:59', '2020-11-12 15:03:59');
/*!40000 ALTER TABLE `vendas` ENABLE KEYS */;

/*!40101 SET SQL_MODE=IFNULL(@OLD_SQL_MODE, '') */;
/*!40014 SET FOREIGN_KEY_CHECKS=IF(@OLD_FOREIGN_KEY_CHECKS IS NULL, 1, @OLD_FOREIGN_KEY_CHECKS) */;
/*!40101 SET CHARACTER_SET_CLIENT=@OLD_CHARACTER_SET_CLIENT */;
