-- --------------------------------------------------------
-- Servidor:                     localhost
-- Versão do servidor:           8.0.21 - MySQL Community Server - GPL
-- OS do Servidor:               Win64
-- HeidiSQL Versão:              11.2.0.6213
-- --------------------------------------------------------

/*!40101 SET @OLD_CHARACTER_SET_CLIENT=@@CHARACTER_SET_CLIENT */;
/*!40101 SET NAMES utf8 */;
/*!50503 SET NAMES utf8mb4 */;
/*!40014 SET @OLD_FOREIGN_KEY_CHECKS=@@FOREIGN_KEY_CHECKS, FOREIGN_KEY_CHECKS=0 */;
/*!40101 SET @OLD_SQL_MODE=@@SQL_MODE, SQL_MODE='NO_AUTO_VALUE_ON_ZERO' */;
/*!40111 SET @OLD_SQL_NOTES=@@SQL_NOTES, SQL_NOTES=0 */;


-- Copiando estrutura do banco de dados para zig
CREATE DATABASE IF NOT EXISTS `zig` /*!40100 DEFAULT CHARACTER SET utf8mb4 COLLATE utf8mb4_0900_ai_ci */ /*!80016 DEFAULT ENCRYPTION='N' */;
USE `zig`;

-- Copiando estrutura para tabela zig.clientes
CREATE TABLE IF NOT EXISTS `clientes` (
  `id` int NOT NULL AUTO_INCREMENT,
  `id_empresa` int NOT NULL,
  `id_cliente_tipo` int NOT NULL,
  `id_cliente_segmento` int DEFAULT NULL,
  `nome` varchar(50) NOT NULL,
  `email` varchar(50) NOT NULL,
  `cnpj` varchar(50) DEFAULT NULL,
  `cpf` varchar(50) DEFAULT NULL,
  `telefone` varchar(50) DEFAULT NULL,
  `celular` varchar(50) DEFAULT NULL,
  `created_at` timestamp NOT NULL DEFAULT CURRENT_TIMESTAMP ON UPDATE CURRENT_TIMESTAMP,
  `updated_at` timestamp NOT NULL DEFAULT '0000-00-00 00:00:00',
  `deleted_at` timestamp NULL DEFAULT NULL,
  PRIMARY KEY (`id`),
  KEY `FK_clientes_tipos_clientes` (`id_cliente_tipo`),
  KEY `FK_clientes_clientes_segmentos` (`id_cliente_segmento`),
  KEY `FK_clientes_empresas` (`id_empresa`),
  CONSTRAINT `FK_clientes_clientes_segmentos` FOREIGN KEY (`id_cliente_segmento`) REFERENCES `clientes_segmentos` (`id`),
  CONSTRAINT `FK_clientes_empresas` FOREIGN KEY (`id_empresa`) REFERENCES `empresas` (`id`),
  CONSTRAINT `FK_clientes_tipos_clientes` FOREIGN KEY (`id_cliente_tipo`) REFERENCES `clientes_tipos` (`id`)
) ENGINE=InnoDB DEFAULT CHARSET=latin1;

-- Copiando dados para a tabela zig.clientes: ~0 rows (aproximadamente)
/*!40000 ALTER TABLE `clientes` DISABLE KEYS */;
/*!40000 ALTER TABLE `clientes` ENABLE KEYS */;

-- Copiando estrutura para tabela zig.clientes_enderecos
CREATE TABLE IF NOT EXISTS `clientes_enderecos` (
  `id` int NOT NULL AUTO_INCREMENT,
  `id_empresa` int NOT NULL DEFAULT '0',
  `id_cliente` int NOT NULL DEFAULT '0',
  `cep` varchar(50) DEFAULT NULL,
  `endereco` varchar(50) NOT NULL,
  `bairro` varchar(50) NOT NULL,
  `cidade` varchar(50) DEFAULT NULL,
  `estado` varchar(50) DEFAULT NULL,
  `numero` int DEFAULT NULL,
  `complemento` text,
  `created_at` timestamp NOT NULL DEFAULT CURRENT_TIMESTAMP ON UPDATE CURRENT_TIMESTAMP,
  `updated_at` timestamp NOT NULL DEFAULT '0000-00-00 00:00:00',
  PRIMARY KEY (`id`),
  KEY `FK_clientes_enderecos_empresas` (`id_empresa`),
  KEY `FK_clientes_enderecos_clientes` (`id_cliente`),
  CONSTRAINT `FK_clientes_enderecos_clientes` FOREIGN KEY (`id_cliente`) REFERENCES `clientes` (`id`),
  CONSTRAINT `FK_clientes_enderecos_empresas` FOREIGN KEY (`id_empresa`) REFERENCES `empresas` (`id`)
) ENGINE=InnoDB DEFAULT CHARSET=latin1;

-- Copiando dados para a tabela zig.clientes_enderecos: ~0 rows (aproximadamente)
/*!40000 ALTER TABLE `clientes_enderecos` DISABLE KEYS */;
/*!40000 ALTER TABLE `clientes_enderecos` ENABLE KEYS */;

-- Copiando estrutura para tabela zig.clientes_segmentos
CREATE TABLE IF NOT EXISTS `clientes_segmentos` (
  `id` int NOT NULL AUTO_INCREMENT,
  `descricao` varchar(50) NOT NULL,
  `created_at` timestamp NOT NULL DEFAULT CURRENT_TIMESTAMP ON UPDATE CURRENT_TIMESTAMP,
  `updated_at` timestamp NOT NULL DEFAULT '0000-00-00 00:00:00',
  PRIMARY KEY (`id`)
) ENGINE=InnoDB AUTO_INCREMENT=128 DEFAULT CHARSET=latin1;

-- Copiando dados para a tabela zig.clientes_segmentos: ~127 rows (aproximadamente)
/*!40000 ALTER TABLE `clientes_segmentos` DISABLE KEYS */;
INSERT INTO `clientes_segmentos` (`id`, `descricao`, `created_at`, `updated_at`) VALUES
	(1, 'Restaurante', '0000-00-00 00:00:00', '0000-00-00 00:00:00'),
	(2, 'Hamburgueria', '2020-05-28 10:28:08', '2020-05-28 10:28:09'),
	(3, 'Pizzaria', '2020-05-28 10:28:52', '2020-05-28 10:28:53'),
	(4, 'Outros...', '2020-06-02 00:00:26', '2020-06-02 00:00:27'),
	(5, 'Arte e Antiguidades', '2021-01-11 16:10:15', '0000-00-00 00:00:00'),
	(6, 'Artigos Religiosos', '2021-01-11 16:10:15', '0000-00-00 00:00:00'),
	(7, 'Assinaturas e Revistas', '2021-01-11 16:10:15', '0000-00-00 00:00:00'),
	(8, 'Automóveis e Veículos', '2021-01-11 16:10:15', '0000-00-00 00:00:00'),
	(9, 'Bebês e Cia', '2021-01-11 16:10:15', '0000-00-00 00:00:00'),
	(10, 'Blu-Ray', '2021-01-11 16:10:15', '0000-00-00 00:00:00'),
	(11, 'Brindes / Materiais Promocionais', '2021-01-11 16:10:15', '0000-00-00 00:00:00'),
	(12, 'Brinquedos e Games', '2021-01-11 16:10:15', '0000-00-00 00:00:00'),
	(13, 'Casa e Decoração', '2021-01-11 16:10:15', '0000-00-00 00:00:00'),
	(14, 'CDs', '2021-01-11 16:10:15', '0000-00-00 00:00:00'),
	(15, 'Colecionáveis', '2021-01-11 16:10:15', '0000-00-00 00:00:00'),
	(16, 'Compras Coletivas', '2021-01-11 16:10:15', '0000-00-00 00:00:00'),
	(17, 'Construção e Ferramentas', '2021-01-11 16:10:15', '0000-00-00 00:00:00'),
	(18, 'Cosméticos e Perfumaria', '2021-01-11 16:10:15', '0000-00-00 00:00:00'),
	(19, 'Cursos e Educação', '2021-01-11 16:10:15', '0000-00-00 00:00:00'),
	(20, 'Discos de Vinil', '2021-01-11 16:10:15', '0000-00-00 00:00:00'),
	(21, 'DVDs', '2021-01-11 16:10:15', '0000-00-00 00:00:00'),
	(22, 'Eletrodomésticos', '2021-01-11 16:10:15', '0000-00-00 00:00:00'),
	(23, 'Eletrônicos', '2021-01-11 16:10:15', '0000-00-00 00:00:00'),
	(24, 'Emissoras de Rádio', '2021-01-11 16:10:15', '0000-00-00 00:00:00'),
	(25, 'Emissoras de Televisão', '2021-01-11 16:10:15', '0000-00-00 00:00:00'),
	(26, 'Empregos', '2021-01-11 16:10:15', '0000-00-00 00:00:00'),
	(27, 'Empresas de Telemarketing', '2021-01-11 16:10:15', '0000-00-00 00:00:00'),
	(28, 'Esporte e Lazer', '2021-01-11 16:10:15', '0000-00-00 00:00:00'),
	(29, 'Fitas K7 Gravadas', '2021-01-11 16:10:15', '0000-00-00 00:00:00'),
	(30, 'Flores, Cestas e Presentes', '2021-01-11 16:10:15', '0000-00-00 00:00:00'),
	(31, 'Fotografia', '2021-01-11 16:10:15', '0000-00-00 00:00:00'),
	(32, 'HD-DVD', '2021-01-11 16:10:15', '0000-00-00 00:00:00'),
	(33, 'Igrejas / Templos / Instituições Religiosas', '2021-01-11 16:10:15', '0000-00-00 00:00:00'),
	(34, 'Indústria, Comércio e Negócios', '2021-01-11 16:10:15', '0000-00-00 00:00:00'),
	(35, 'Infláveis Promocionais', '2021-01-11 16:10:15', '0000-00-00 00:00:00'),
	(36, 'Informática', '2021-01-11 16:10:15', '0000-00-00 00:00:00'),
	(37, 'Ingressos', '2021-01-11 16:10:15', '0000-00-00 00:00:00'),
	(38, 'Instrumentos Musicais', '2021-01-11 16:10:15', '0000-00-00 00:00:00'),
	(39, 'Joalheria', '2021-01-11 16:10:15', '0000-00-00 00:00:00'),
	(40, 'Lazer', '2021-01-11 16:10:15', '0000-00-00 00:00:00'),
	(41, 'LD', '2021-01-11 16:10:15', '0000-00-00 00:00:00'),
	(42, 'Livros', '2021-01-11 16:10:15', '0000-00-00 00:00:00'),
	(43, 'MD', '2021-01-11 16:10:15', '0000-00-00 00:00:00'),
	(44, 'Moda e Acessórios', '2021-01-11 16:10:15', '0000-00-00 00:00:00'),
	(45, 'Motéis', '2021-01-11 16:10:15', '0000-00-00 00:00:00'),
	(46, 'Música Digital', '2021-01-11 16:10:15', '0000-00-00 00:00:00'),
	(47, 'Natal', '2021-01-11 16:10:15', '0000-00-00 00:00:00'),
	(48, 'Negócios e Oportunidades', '2021-01-11 16:10:15', '0000-00-00 00:00:00'),
	(49, 'Outros Serviços', '2021-01-11 16:10:15', '0000-00-00 00:00:00'),
	(50, 'Outros Serviços de Avaliação', '2021-01-11 16:10:15', '0000-00-00 00:00:00'),
	(51, 'Papelaria e Escritório', '2021-01-11 16:10:15', '0000-00-00 00:00:00'),
	(52, 'Páscoa', '2021-01-11 16:10:15', '0000-00-00 00:00:00'),
	(53, 'Pet Shop', '2021-01-11 16:10:15', '0000-00-00 00:00:00'),
	(54, 'Saúde', '2021-01-11 16:10:15', '0000-00-00 00:00:00'),
	(55, 'Serviço Advocaticios', '2021-01-11 16:10:15', '0000-00-00 00:00:00'),
	(56, 'Serviço de Distribuição de Jornais / Revistas', '2021-01-11 16:10:15', '0000-00-00 00:00:00'),
	(57, 'Serviços Administrativos', '2021-01-11 16:10:15', '0000-00-00 00:00:00'),
	(58, 'Serviços Artísticos', '2021-01-11 16:10:15', '0000-00-00 00:00:00'),
	(59, 'Serviços de Abatedouros / Matadouros', '2021-01-11 16:10:15', '0000-00-00 00:00:00'),
	(60, 'Serviços de Aeroportos', '2021-01-11 16:10:15', '0000-00-00 00:00:00'),
	(61, 'Serviços de Agências', '2021-01-11 16:10:15', '0000-00-00 00:00:00'),
	(62, 'Serviços de Aluguel / Locação', '2021-01-11 16:10:15', '0000-00-00 00:00:00'),
	(63, 'Serviços de Armazenagem', '2021-01-11 16:10:15', '0000-00-00 00:00:00'),
	(64, 'Serviços de Assessorias', '2021-01-11 16:10:15', '0000-00-00 00:00:00'),
	(65, 'Serviços de Assistência Técnica / Instalações ', '2021-01-11 16:10:15', '0000-00-00 00:00:00'),
	(66, 'Serviços de Associações', '2021-01-11 16:10:15', '0000-00-00 00:00:00'),
	(67, 'Serviços de Bancos de Sangue', '2021-01-11 16:10:15', '0000-00-00 00:00:00'),
	(68, 'Serviços de Bibliotecas', '2021-01-11 16:10:15', '0000-00-00 00:00:00'),
	(69, 'Serviços de Cartórios', '2021-01-11 16:10:15', '0000-00-00 00:00:00'),
	(70, 'Serviços de Casas Lotéricas', '2021-01-11 16:10:15', '0000-00-00 00:00:00'),
	(71, 'Serviços de Confecções', '2021-01-11 16:10:15', '0000-00-00 00:00:00'),
	(72, 'Serviços de Consórcios', '2021-01-11 16:10:15', '0000-00-00 00:00:00'),
	(73, 'Serviços de Consultorias', '2021-01-11 16:10:15', '0000-00-00 00:00:00'),
	(74, 'Serviços de Cooperativas', '2021-01-11 16:10:15', '0000-00-00 00:00:00'),
	(75, 'Serviços de Despachante', '2021-01-11 16:10:15', '0000-00-00 00:00:00'),
	(76, 'Serviços de Engenharia', '2021-01-11 16:10:15', '0000-00-00 00:00:00'),
	(77, 'Serviços de Estacionamentos', '2021-01-11 16:10:15', '0000-00-00 00:00:00'),
	(78, 'Serviços de Estaleiros', '2021-01-11 16:10:15', '0000-00-00 00:00:00'),
	(79, 'Serviços de Exportação / Importação', '2021-01-11 16:10:15', '0000-00-00 00:00:00'),
	(80, 'Serviços de Geólogos', '2021-01-11 16:10:15', '0000-00-00 00:00:00'),
	(81, 'Serviços de joalheiros', '2021-01-11 16:10:15', '0000-00-00 00:00:00'),
	(82, 'Serviços de Leiloeiros', '2021-01-11 16:10:15', '0000-00-00 00:00:00'),
	(83, 'Serviços de limpeza', '2021-01-11 16:10:15', '0000-00-00 00:00:00'),
	(84, 'Serviços de Loja de Conveniência', '2021-01-11 16:10:15', '0000-00-00 00:00:00'),
	(85, 'Serviços de Mão de Obra', '2021-01-11 16:10:15', '0000-00-00 00:00:00'),
	(86, 'Serviços de Órgão Públicos', '2021-01-11 16:10:15', '0000-00-00 00:00:00'),
	(87, 'Serviços de Pesquisas', '2021-01-11 16:10:15', '0000-00-00 00:00:00'),
	(88, 'Serviços de Portos', '2021-01-11 16:10:15', '0000-00-00 00:00:00'),
	(89, 'Serviços de Saúde / Bem Estar', '2021-01-11 16:10:15', '0000-00-00 00:00:00'),
	(90, 'Serviços de Seguradoras', '2021-01-11 16:10:15', '0000-00-00 00:00:00'),
	(91, 'Serviços de Segurança', '2021-01-11 16:10:15', '0000-00-00 00:00:00'),
	(92, 'Serviços de Sinalização', '2021-01-11 16:10:15', '0000-00-00 00:00:00'),
	(93, 'Serviços de Sindicatos / Federações', '2021-01-11 16:10:15', '0000-00-00 00:00:00'),
	(94, 'Serviços de Traduções', '2021-01-11 16:10:15', '0000-00-00 00:00:00'),
	(95, 'Serviços de Transporte', '2021-01-11 16:10:15', '0000-00-00 00:00:00'),
	(96, 'Serviços de Utilidade Pública', '2021-01-11 16:10:15', '0000-00-00 00:00:00'),
	(97, 'Serviços em Agricultura / Pecuária / Piscicultura', '2021-01-11 16:10:15', '0000-00-00 00:00:00'),
	(98, 'Serviços em Alimentação', '2021-01-11 16:10:15', '0000-00-00 00:00:00'),
	(99, 'Serviços em Arte', '2021-01-11 16:10:15', '0000-00-00 00:00:00'),
	(100, 'Serviços em Cine / Foto / Som', '2021-01-11 16:10:15', '0000-00-00 00:00:00'),
	(101, 'Serviços em Comunicação', '2021-01-11 16:10:15', '0000-00-00 00:00:00'),
	(102, 'Serviços em Construção', '2021-01-11 16:10:15', '0000-00-00 00:00:00'),
	(103, 'Serviços em Ecologia / Meio Ambiente', '2021-01-11 16:10:15', '0000-00-00 00:00:00'),
	(104, 'Serviços em Eletroeletrônica / Metal Mecânica', '2021-01-11 16:10:15', '0000-00-00 00:00:00'),
	(105, 'Serviços em Festas / Eventos', '2021-01-11 16:10:15', '0000-00-00 00:00:00'),
	(106, 'Serviços em Informática', '2021-01-11 16:10:15', '0000-00-00 00:00:00'),
	(107, 'Serviços em Internet', '2021-01-11 16:10:15', '0000-00-00 00:00:00'),
	(108, 'Serviços em Jóias / Relógios / Óticas', '2021-01-11 16:10:15', '0000-00-00 00:00:00'),
	(109, 'Serviços em Telefonia', '2021-01-11 16:10:15', '0000-00-00 00:00:00'),
	(110, 'Serviços em Veículos', '2021-01-11 16:10:15', '0000-00-00 00:00:00'),
	(111, 'Serviços Esotéricos / Místicos', '2021-01-11 16:10:15', '0000-00-00 00:00:00'),
	(112, 'Serviços Financeiros', '2021-01-11 16:10:15', '0000-00-00 00:00:00'),
	(113, 'Serviços Funerários', '2021-01-11 16:10:15', '0000-00-00 00:00:00'),
	(114, 'Serviços Gerais', '2021-01-11 16:10:15', '0000-00-00 00:00:00'),
	(115, 'Serviços Gráficos / Editoriais', '2021-01-11 16:10:15', '0000-00-00 00:00:00'),
	(116, 'Serviços para Animais', '2021-01-11 16:10:15', '0000-00-00 00:00:00'),
	(117, 'Serviços para Deficientes', '2021-01-11 16:10:15', '0000-00-00 00:00:00'),
	(118, 'Serviços para Escritórios', '2021-01-11 16:10:15', '0000-00-00 00:00:00'),
	(119, 'Serviços para Roupas', '2021-01-11 16:10:15', '0000-00-00 00:00:00'),
	(120, 'Serviços Socias / Assistenciais', '2021-01-11 16:10:15', '0000-00-00 00:00:00'),
	(121, 'Sex Shop', '2021-01-11 16:10:15', '0000-00-00 00:00:00'),
	(122, 'Shopping Centers', '2021-01-11 16:10:15', '0000-00-00 00:00:00'),
	(123, 'Tabacaria', '2021-01-11 16:10:15', '0000-00-00 00:00:00'),
	(124, 'Tarifas Bancárias', '2021-01-11 16:10:15', '0000-00-00 00:00:00'),
	(125, 'Tarifas Telefônicas', '2021-01-11 16:10:15', '0000-00-00 00:00:00'),
	(126, 'Telefonia', '2021-01-11 16:10:15', '0000-00-00 00:00:00'),
	(127, 'Turismo', '2021-01-11 16:10:15', '0000-00-00 00:00:00');
/*!40000 ALTER TABLE `clientes_segmentos` ENABLE KEYS */;

-- Copiando estrutura para tabela zig.clientes_tipos
CREATE TABLE IF NOT EXISTS `clientes_tipos` (
  `id` int NOT NULL AUTO_INCREMENT,
  `descricao` varchar(50) NOT NULL,
  `created_at` timestamp NOT NULL DEFAULT CURRENT_TIMESTAMP ON UPDATE CURRENT_TIMESTAMP,
  `updated_at` timestamp NOT NULL DEFAULT '0000-00-00 00:00:00',
  PRIMARY KEY (`id`)
) ENGINE=InnoDB AUTO_INCREMENT=3 DEFAULT CHARSET=latin1;

-- Copiando dados para a tabela zig.clientes_tipos: ~2 rows (aproximadamente)
/*!40000 ALTER TABLE `clientes_tipos` DISABLE KEYS */;
INSERT INTO `clientes_tipos` (`id`, `descricao`, `created_at`, `updated_at`) VALUES
	(1, 'Pessoa Fisica', '2020-05-28 10:24:51', '2020-05-28 10:24:52'),
	(2, 'Pessoa Juridica', '2020-05-28 10:25:05', '2020-05-28 10:25:06');
/*!40000 ALTER TABLE `clientes_tipos` ENABLE KEYS */;

-- Copiando estrutura para tabela zig.config_pdv
CREATE TABLE IF NOT EXISTS `config_pdv` (
  `id` int NOT NULL AUTO_INCREMENT,
  `id_empresa` int NOT NULL,
  `id_tipo_pdv` int NOT NULL DEFAULT '1',
  `created_at` timestamp NOT NULL DEFAULT CURRENT_TIMESTAMP ON UPDATE CURRENT_TIMESTAMP,
  `updated_at` timestamp NOT NULL DEFAULT '0000-00-00 00:00:00',
  PRIMARY KEY (`id`),
  KEY `FK_config_pdv_clientes` (`id_empresa`),
  KEY `FK_config_pdv_tipo_pdv` (`id_tipo_pdv`),
  CONSTRAINT `FK_config_pdv_clientes` FOREIGN KEY (`id_empresa`) REFERENCES `empresas` (`id`),
  CONSTRAINT `FK_config_pdv_tipo_pdv` FOREIGN KEY (`id_tipo_pdv`) REFERENCES `tipos_pdv` (`id`)
) ENGINE=InnoDB AUTO_INCREMENT=4 DEFAULT CHARSET=latin1;

-- Copiando dados para a tabela zig.config_pdv: ~1 rows (aproximadamente)
/*!40000 ALTER TABLE `config_pdv` DISABLE KEYS */;
INSERT INTO `config_pdv` (`id`, `id_empresa`, `id_tipo_pdv`, `created_at`, `updated_at`) VALUES
	(3, 1, 2, '2022-01-16 18:04:18', '2022-01-16 18:04:18');
/*!40000 ALTER TABLE `config_pdv` ENABLE KEYS */;

-- Copiando estrutura para tabela zig.empresas
CREATE TABLE IF NOT EXISTS `empresas` (
  `id` int NOT NULL AUTO_INCREMENT,
  `nome` varchar(50) NOT NULL,
  `email` varchar(50) NOT NULL,
  `telefone` varchar(50) DEFAULT NULL,
  `celular` varchar(50) DEFAULT NULL,
  `id_segmento` int NOT NULL,
  `created_at` timestamp NOT NULL DEFAULT CURRENT_TIMESTAMP ON UPDATE CURRENT_TIMESTAMP,
  `updated_at` timestamp NOT NULL DEFAULT '0000-00-00 00:00:00',
  PRIMARY KEY (`id`)
) ENGINE=InnoDB AUTO_INCREMENT=2 DEFAULT CHARSET=latin1;

-- Copiando dados para a tabela zig.empresas: ~0 rows (aproximadamente)
/*!40000 ALTER TABLE `empresas` DISABLE KEYS */;
INSERT INTO `empresas` (`id`, `nome`, `email`, `telefone`, `celular`, `id_segmento`, `created_at`, `updated_at`) VALUES
	(1, 'Carrinho Colonial', 'carrinhocolonial@gmail.com', '(47) 9988-8581', '(47) 99988-8581', 34, '2021-12-01 21:12:46', '2021-12-01 21:12:46');
/*!40000 ALTER TABLE `empresas` ENABLE KEYS */;

-- Copiando estrutura para tabela zig.log_acessos
CREATE TABLE IF NOT EXISTS `log_acessos` (
  `id` int NOT NULL AUTO_INCREMENT,
  `id_usuario` int NOT NULL DEFAULT '0',
  `id_empresa` int NOT NULL DEFAULT '0',
  `created_at` timestamp NOT NULL DEFAULT CURRENT_TIMESTAMP,
  `updated_at` timestamp NOT NULL DEFAULT '0000-00-00 00:00:00' ON UPDATE CURRENT_TIMESTAMP,
  `deleted_at` timestamp NOT NULL DEFAULT '0000-00-00 00:00:00',
  PRIMARY KEY (`id`),
  KEY `FK_log_usuarios` (`id_usuario`),
  KEY `FK_log_clientes` (`id_empresa`),
  CONSTRAINT `FK_log_clientes` FOREIGN KEY (`id_empresa`) REFERENCES `empresas` (`id`),
  CONSTRAINT `FK_log_usuarios` FOREIGN KEY (`id_usuario`) REFERENCES `usuarios` (`id`)
) ENGINE=InnoDB AUTO_INCREMENT=989 DEFAULT CHARSET=latin1;

-- Copiando dados para a tabela zig.log_acessos: ~240 rows (aproximadamente)
/*!40000 ALTER TABLE `log_acessos` DISABLE KEYS */;
INSERT INTO `log_acessos` (`id`, `id_usuario`, `id_empresa`, `created_at`, `updated_at`, `deleted_at`) VALUES
	(747, 1, 1, '2021-11-30 23:15:02', '0000-00-00 00:00:00', '0000-00-00 00:00:00'),
	(748, 1, 1, '2021-12-01 08:59:08', '0000-00-00 00:00:00', '0000-00-00 00:00:00'),
	(749, 1, 1, '2021-12-01 09:00:36', '0000-00-00 00:00:00', '0000-00-00 00:00:00'),
	(750, 1, 1, '2021-12-01 09:00:52', '0000-00-00 00:00:00', '0000-00-00 00:00:00'),
	(751, 1, 1, '2021-12-01 15:22:47', '0000-00-00 00:00:00', '0000-00-00 00:00:00'),
	(752, 1, 1, '2021-12-01 16:07:08', '0000-00-00 00:00:00', '0000-00-00 00:00:00'),
	(753, 1, 1, '2021-12-01 16:44:04', '0000-00-00 00:00:00', '0000-00-00 00:00:00'),
	(754, 1, 1, '2021-12-01 18:05:27', '0000-00-00 00:00:00', '0000-00-00 00:00:00'),
	(755, 1, 1, '2021-12-01 20:35:24', '0000-00-00 00:00:00', '0000-00-00 00:00:00'),
	(756, 1, 1, '2021-12-01 21:05:49', '0000-00-00 00:00:00', '0000-00-00 00:00:00'),
	(757, 57, 1, '2021-12-01 21:08:19', '0000-00-00 00:00:00', '0000-00-00 00:00:00'),
	(758, 76, 1, '2021-12-01 21:16:30', '0000-00-00 00:00:00', '0000-00-00 00:00:00'),
	(759, 76, 1, '2021-12-02 08:13:11', '0000-00-00 00:00:00', '0000-00-00 00:00:00'),
	(760, 1, 1, '2021-12-02 09:00:26', '0000-00-00 00:00:00', '0000-00-00 00:00:00'),
	(761, 76, 1, '2021-12-02 10:07:12', '0000-00-00 00:00:00', '0000-00-00 00:00:00'),
	(762, 1, 1, '2021-12-02 11:32:45', '0000-00-00 00:00:00', '0000-00-00 00:00:00'),
	(763, 76, 1, '2021-12-02 13:09:08', '0000-00-00 00:00:00', '0000-00-00 00:00:00'),
	(764, 75, 1, '2021-12-02 13:35:13', '0000-00-00 00:00:00', '0000-00-00 00:00:00'),
	(765, 76, 1, '2021-12-02 13:35:30', '0000-00-00 00:00:00', '0000-00-00 00:00:00'),
	(766, 1, 1, '2021-12-02 13:35:58', '0000-00-00 00:00:00', '0000-00-00 00:00:00'),
	(767, 75, 1, '2021-12-02 14:52:30', '0000-00-00 00:00:00', '0000-00-00 00:00:00'),
	(768, 75, 1, '2021-12-02 14:56:19', '0000-00-00 00:00:00', '0000-00-00 00:00:00'),
	(769, 76, 1, '2021-12-02 15:39:02', '0000-00-00 00:00:00', '0000-00-00 00:00:00'),
	(770, 76, 1, '2021-12-02 16:27:06', '0000-00-00 00:00:00', '0000-00-00 00:00:00'),
	(771, 76, 1, '2021-12-02 16:27:49', '0000-00-00 00:00:00', '0000-00-00 00:00:00'),
	(772, 75, 1, '2021-12-02 17:36:15', '0000-00-00 00:00:00', '0000-00-00 00:00:00'),
	(773, 75, 1, '2021-12-02 18:31:03', '0000-00-00 00:00:00', '0000-00-00 00:00:00'),
	(774, 76, 1, '2021-12-02 18:32:50', '0000-00-00 00:00:00', '0000-00-00 00:00:00'),
	(775, 1, 1, '2021-12-02 20:54:01', '0000-00-00 00:00:00', '0000-00-00 00:00:00'),
	(776, 1, 1, '2021-12-03 08:42:45', '0000-00-00 00:00:00', '0000-00-00 00:00:00'),
	(777, 1, 1, '2021-12-03 09:43:36', '0000-00-00 00:00:00', '0000-00-00 00:00:00'),
	(778, 1, 1, '2021-12-03 10:46:04', '0000-00-00 00:00:00', '0000-00-00 00:00:00'),
	(779, 1, 1, '2021-12-03 12:30:36', '0000-00-00 00:00:00', '0000-00-00 00:00:00'),
	(780, 75, 1, '2021-12-03 15:12:12', '0000-00-00 00:00:00', '0000-00-00 00:00:00'),
	(781, 76, 1, '2021-12-03 15:21:19', '0000-00-00 00:00:00', '0000-00-00 00:00:00'),
	(782, 75, 1, '2021-12-03 16:10:14', '0000-00-00 00:00:00', '0000-00-00 00:00:00'),
	(783, 1, 1, '2021-12-03 16:26:12', '0000-00-00 00:00:00', '0000-00-00 00:00:00'),
	(784, 75, 1, '2021-12-03 16:39:28', '0000-00-00 00:00:00', '0000-00-00 00:00:00'),
	(785, 76, 1, '2021-12-03 16:47:06', '0000-00-00 00:00:00', '0000-00-00 00:00:00'),
	(786, 75, 1, '2021-12-03 17:54:43', '0000-00-00 00:00:00', '0000-00-00 00:00:00'),
	(787, 1, 1, '2021-12-03 18:57:08', '0000-00-00 00:00:00', '0000-00-00 00:00:00'),
	(788, 76, 1, '2021-12-03 19:21:24', '0000-00-00 00:00:00', '0000-00-00 00:00:00'),
	(789, 1, 1, '2021-12-04 01:48:46', '0000-00-00 00:00:00', '0000-00-00 00:00:00'),
	(790, 1, 1, '2021-12-04 16:59:02', '0000-00-00 00:00:00', '0000-00-00 00:00:00'),
	(791, 76, 1, '2021-12-04 17:19:46', '0000-00-00 00:00:00', '0000-00-00 00:00:00'),
	(792, 1, 1, '2021-12-04 18:44:08', '0000-00-00 00:00:00', '0000-00-00 00:00:00'),
	(793, 76, 1, '2021-12-04 19:26:34', '0000-00-00 00:00:00', '0000-00-00 00:00:00'),
	(794, 1, 1, '2021-12-05 13:21:47', '0000-00-00 00:00:00', '0000-00-00 00:00:00'),
	(795, 1, 1, '2021-12-05 13:23:10', '0000-00-00 00:00:00', '0000-00-00 00:00:00'),
	(796, 1, 1, '2021-12-05 20:53:21', '0000-00-00 00:00:00', '0000-00-00 00:00:00'),
	(797, 1, 1, '2021-12-05 22:45:10', '0000-00-00 00:00:00', '0000-00-00 00:00:00'),
	(798, 1, 1, '2021-12-06 00:34:58', '0000-00-00 00:00:00', '0000-00-00 00:00:00'),
	(799, 1, 1, '2021-12-06 01:23:58', '0000-00-00 00:00:00', '0000-00-00 00:00:00'),
	(800, 1, 1, '2021-12-06 01:26:22', '0000-00-00 00:00:00', '0000-00-00 00:00:00'),
	(801, 1, 1, '2021-12-06 05:16:52', '0000-00-00 00:00:00', '0000-00-00 00:00:00'),
	(802, 76, 1, '2021-12-06 08:49:08', '0000-00-00 00:00:00', '0000-00-00 00:00:00'),
	(803, 1, 1, '2021-12-06 14:45:01', '0000-00-00 00:00:00', '0000-00-00 00:00:00'),
	(804, 75, 1, '2021-12-06 16:54:33', '0000-00-00 00:00:00', '0000-00-00 00:00:00'),
	(805, 1, 1, '2021-12-06 17:08:01', '0000-00-00 00:00:00', '0000-00-00 00:00:00'),
	(806, 75, 1, '2021-12-06 17:38:48', '0000-00-00 00:00:00', '0000-00-00 00:00:00'),
	(807, 1, 1, '2021-12-06 17:42:33', '0000-00-00 00:00:00', '0000-00-00 00:00:00'),
	(808, 1, 1, '2021-12-06 19:00:53', '0000-00-00 00:00:00', '0000-00-00 00:00:00'),
	(809, 76, 1, '2021-12-06 20:06:00', '0000-00-00 00:00:00', '0000-00-00 00:00:00'),
	(810, 1, 1, '2021-12-06 20:28:51', '0000-00-00 00:00:00', '0000-00-00 00:00:00'),
	(811, 1, 1, '2021-12-06 21:36:26', '0000-00-00 00:00:00', '0000-00-00 00:00:00'),
	(812, 1, 1, '2021-12-06 21:45:50', '0000-00-00 00:00:00', '0000-00-00 00:00:00'),
	(813, 76, 1, '2021-12-07 08:46:12', '0000-00-00 00:00:00', '0000-00-00 00:00:00'),
	(814, 1, 1, '2021-12-07 09:12:22', '0000-00-00 00:00:00', '0000-00-00 00:00:00'),
	(815, 1, 1, '2021-12-07 13:19:04', '0000-00-00 00:00:00', '0000-00-00 00:00:00'),
	(816, 75, 1, '2021-12-07 14:06:18', '0000-00-00 00:00:00', '0000-00-00 00:00:00'),
	(817, 1, 1, '2021-12-07 14:36:48', '0000-00-00 00:00:00', '0000-00-00 00:00:00'),
	(818, 75, 1, '2021-12-07 16:08:52', '0000-00-00 00:00:00', '0000-00-00 00:00:00'),
	(819, 75, 1, '2021-12-07 17:20:58', '0000-00-00 00:00:00', '0000-00-00 00:00:00'),
	(820, 1, 1, '2021-12-07 23:17:45', '0000-00-00 00:00:00', '0000-00-00 00:00:00'),
	(821, 1, 1, '2021-12-08 10:27:31', '0000-00-00 00:00:00', '0000-00-00 00:00:00'),
	(822, 76, 1, '2021-12-08 16:36:19', '0000-00-00 00:00:00', '0000-00-00 00:00:00'),
	(823, 75, 1, '2021-12-08 17:08:40', '0000-00-00 00:00:00', '0000-00-00 00:00:00'),
	(824, 76, 1, '2021-12-08 18:06:34', '0000-00-00 00:00:00', '0000-00-00 00:00:00'),
	(825, 76, 1, '2021-12-08 19:01:43', '0000-00-00 00:00:00', '0000-00-00 00:00:00'),
	(826, 75, 1, '2021-12-08 19:39:21', '0000-00-00 00:00:00', '0000-00-00 00:00:00'),
	(827, 1, 1, '2021-12-09 00:27:52', '0000-00-00 00:00:00', '0000-00-00 00:00:00'),
	(828, 1, 1, '2021-12-09 05:27:15', '0000-00-00 00:00:00', '0000-00-00 00:00:00'),
	(829, 1, 1, '2021-12-09 12:01:07', '0000-00-00 00:00:00', '0000-00-00 00:00:00'),
	(830, 1, 1, '2021-12-09 13:47:29', '0000-00-00 00:00:00', '0000-00-00 00:00:00'),
	(831, 75, 1, '2021-12-09 14:30:09', '0000-00-00 00:00:00', '0000-00-00 00:00:00'),
	(832, 76, 1, '2021-12-09 16:31:49', '0000-00-00 00:00:00', '0000-00-00 00:00:00'),
	(833, 1, 1, '2021-12-09 17:40:11', '0000-00-00 00:00:00', '0000-00-00 00:00:00'),
	(834, 1, 1, '2021-12-10 09:00:59', '0000-00-00 00:00:00', '0000-00-00 00:00:00'),
	(835, 75, 1, '2021-12-10 14:04:25', '0000-00-00 00:00:00', '0000-00-00 00:00:00'),
	(836, 76, 1, '2021-12-10 17:34:22', '0000-00-00 00:00:00', '0000-00-00 00:00:00'),
	(837, 1, 1, '2021-12-10 18:19:06', '0000-00-00 00:00:00', '0000-00-00 00:00:00'),
	(838, 1, 1, '2021-12-10 20:35:15', '0000-00-00 00:00:00', '0000-00-00 00:00:00'),
	(839, 1, 1, '2021-12-10 22:05:14', '0000-00-00 00:00:00', '0000-00-00 00:00:00'),
	(840, 1, 1, '2021-12-10 22:48:50', '0000-00-00 00:00:00', '0000-00-00 00:00:00'),
	(841, 76, 1, '2021-12-11 10:37:48', '0000-00-00 00:00:00', '0000-00-00 00:00:00'),
	(842, 1, 1, '2021-12-11 16:00:00', '0000-00-00 00:00:00', '0000-00-00 00:00:00'),
	(843, 1, 1, '2021-12-11 21:52:10', '0000-00-00 00:00:00', '0000-00-00 00:00:00'),
	(844, 1, 1, '2021-12-12 01:28:23', '0000-00-00 00:00:00', '0000-00-00 00:00:00'),
	(845, 1, 1, '2021-12-12 03:04:20', '0000-00-00 00:00:00', '0000-00-00 00:00:00'),
	(846, 1, 1, '2021-12-12 11:01:33', '0000-00-00 00:00:00', '0000-00-00 00:00:00'),
	(847, 1, 1, '2021-12-12 18:41:07', '0000-00-00 00:00:00', '0000-00-00 00:00:00'),
	(848, 1, 1, '2021-12-12 20:46:55', '0000-00-00 00:00:00', '0000-00-00 00:00:00'),
	(849, 1, 1, '2021-12-13 06:18:05', '0000-00-00 00:00:00', '0000-00-00 00:00:00'),
	(850, 1, 1, '2021-12-13 10:06:12', '0000-00-00 00:00:00', '0000-00-00 00:00:00'),
	(851, 1, 1, '2021-12-13 10:53:14', '0000-00-00 00:00:00', '0000-00-00 00:00:00'),
	(852, 1, 1, '2021-12-13 13:04:44', '0000-00-00 00:00:00', '0000-00-00 00:00:00'),
	(853, 1, 1, '2021-12-13 13:28:35', '0000-00-00 00:00:00', '0000-00-00 00:00:00'),
	(854, 1, 1, '2021-12-13 17:35:15', '0000-00-00 00:00:00', '0000-00-00 00:00:00'),
	(855, 1, 1, '2021-12-13 20:27:55', '0000-00-00 00:00:00', '0000-00-00 00:00:00'),
	(856, 1, 1, '2021-12-13 22:43:19', '0000-00-00 00:00:00', '0000-00-00 00:00:00'),
	(857, 1, 1, '2021-12-13 23:23:13', '0000-00-00 00:00:00', '0000-00-00 00:00:00'),
	(858, 1, 1, '2021-12-14 09:07:55', '0000-00-00 00:00:00', '0000-00-00 00:00:00'),
	(859, 1, 1, '2021-12-14 10:03:19', '0000-00-00 00:00:00', '0000-00-00 00:00:00'),
	(860, 1, 1, '2021-12-14 12:58:58', '0000-00-00 00:00:00', '0000-00-00 00:00:00'),
	(861, 1, 1, '2021-12-14 20:18:49', '0000-00-00 00:00:00', '0000-00-00 00:00:00'),
	(862, 1, 1, '2021-12-14 22:05:15', '0000-00-00 00:00:00', '0000-00-00 00:00:00'),
	(863, 76, 1, '2021-12-15 10:20:49', '0000-00-00 00:00:00', '0000-00-00 00:00:00'),
	(864, 75, 1, '2021-12-15 10:26:03', '0000-00-00 00:00:00', '0000-00-00 00:00:00'),
	(865, 76, 1, '2021-12-15 15:50:44', '0000-00-00 00:00:00', '0000-00-00 00:00:00'),
	(866, 1, 1, '2021-12-15 16:52:59', '0000-00-00 00:00:00', '0000-00-00 00:00:00'),
	(867, 1, 1, '2021-12-15 16:55:17', '0000-00-00 00:00:00', '0000-00-00 00:00:00'),
	(868, 75, 1, '2021-12-15 18:28:16', '0000-00-00 00:00:00', '0000-00-00 00:00:00'),
	(869, 76, 1, '2021-12-15 19:02:18', '0000-00-00 00:00:00', '0000-00-00 00:00:00'),
	(870, 1, 1, '2021-12-15 21:04:53', '0000-00-00 00:00:00', '0000-00-00 00:00:00'),
	(871, 1, 1, '2021-12-15 21:47:35', '0000-00-00 00:00:00', '0000-00-00 00:00:00'),
	(872, 1, 1, '2021-12-15 22:07:00', '0000-00-00 00:00:00', '0000-00-00 00:00:00'),
	(873, 1, 1, '2021-12-16 04:46:54', '0000-00-00 00:00:00', '0000-00-00 00:00:00'),
	(874, 76, 1, '2021-12-16 15:05:54', '0000-00-00 00:00:00', '0000-00-00 00:00:00'),
	(875, 75, 1, '2021-12-16 19:22:55', '0000-00-00 00:00:00', '0000-00-00 00:00:00'),
	(876, 75, 1, '2021-12-16 23:39:29', '0000-00-00 00:00:00', '0000-00-00 00:00:00'),
	(877, 1, 1, '2021-12-17 01:25:59', '0000-00-00 00:00:00', '0000-00-00 00:00:00'),
	(878, 1, 1, '2021-12-17 01:26:00', '0000-00-00 00:00:00', '0000-00-00 00:00:00'),
	(879, 1, 1, '2021-12-17 09:40:24', '0000-00-00 00:00:00', '0000-00-00 00:00:00'),
	(880, 76, 1, '2021-12-17 15:21:19', '0000-00-00 00:00:00', '0000-00-00 00:00:00'),
	(881, 75, 1, '2021-12-17 16:59:01', '0000-00-00 00:00:00', '0000-00-00 00:00:00'),
	(882, 75, 1, '2021-12-17 17:23:16', '0000-00-00 00:00:00', '0000-00-00 00:00:00'),
	(883, 75, 1, '2021-12-18 09:35:31', '0000-00-00 00:00:00', '0000-00-00 00:00:00'),
	(884, 75, 1, '2021-12-18 09:38:01', '0000-00-00 00:00:00', '0000-00-00 00:00:00'),
	(885, 76, 1, '2021-12-18 10:14:24', '0000-00-00 00:00:00', '0000-00-00 00:00:00'),
	(886, 75, 1, '2021-12-18 11:20:00', '0000-00-00 00:00:00', '0000-00-00 00:00:00'),
	(887, 1, 1, '2021-12-18 14:05:20', '0000-00-00 00:00:00', '0000-00-00 00:00:00'),
	(888, 1, 1, '2021-12-19 22:31:32', '0000-00-00 00:00:00', '0000-00-00 00:00:00'),
	(889, 1, 1, '2021-12-20 06:38:08', '0000-00-00 00:00:00', '0000-00-00 00:00:00'),
	(890, 76, 1, '2021-12-20 08:44:42', '0000-00-00 00:00:00', '0000-00-00 00:00:00'),
	(891, 76, 1, '2021-12-20 18:08:21', '0000-00-00 00:00:00', '0000-00-00 00:00:00'),
	(892, 75, 1, '2021-12-20 18:58:15', '0000-00-00 00:00:00', '0000-00-00 00:00:00'),
	(893, 75, 1, '2021-12-21 17:53:01', '0000-00-00 00:00:00', '0000-00-00 00:00:00'),
	(894, 1, 1, '2021-12-21 18:06:15', '0000-00-00 00:00:00', '0000-00-00 00:00:00'),
	(895, 76, 1, '2021-12-21 18:43:41', '0000-00-00 00:00:00', '0000-00-00 00:00:00'),
	(896, 1, 1, '2021-12-22 12:27:52', '0000-00-00 00:00:00', '0000-00-00 00:00:00'),
	(897, 76, 1, '2021-12-22 14:48:54', '0000-00-00 00:00:00', '0000-00-00 00:00:00'),
	(898, 76, 1, '2021-12-22 15:47:45', '0000-00-00 00:00:00', '0000-00-00 00:00:00'),
	(899, 76, 1, '2021-12-22 17:58:23', '0000-00-00 00:00:00', '0000-00-00 00:00:00'),
	(900, 1, 1, '2021-12-22 23:13:05', '0000-00-00 00:00:00', '0000-00-00 00:00:00'),
	(901, 75, 1, '2021-12-23 09:00:22', '0000-00-00 00:00:00', '0000-00-00 00:00:00'),
	(902, 76, 1, '2021-12-23 09:24:20', '0000-00-00 00:00:00', '0000-00-00 00:00:00'),
	(903, 76, 1, '2021-12-23 12:56:41', '0000-00-00 00:00:00', '0000-00-00 00:00:00'),
	(904, 76, 1, '2021-12-23 14:50:37', '0000-00-00 00:00:00', '0000-00-00 00:00:00'),
	(905, 1, 1, '2021-12-23 15:23:09', '0000-00-00 00:00:00', '0000-00-00 00:00:00'),
	(906, 1, 1, '2021-12-23 16:11:40', '0000-00-00 00:00:00', '0000-00-00 00:00:00'),
	(907, 1, 1, '2021-12-24 11:25:40', '0000-00-00 00:00:00', '0000-00-00 00:00:00'),
	(908, 1, 1, '2021-12-24 11:25:41', '0000-00-00 00:00:00', '0000-00-00 00:00:00'),
	(909, 1, 1, '2021-12-24 11:43:53', '0000-00-00 00:00:00', '0000-00-00 00:00:00'),
	(910, 1, 1, '2021-12-24 19:13:49', '0000-00-00 00:00:00', '0000-00-00 00:00:00'),
	(911, 1, 1, '2021-12-25 18:52:20', '0000-00-00 00:00:00', '0000-00-00 00:00:00'),
	(912, 1, 1, '2021-12-25 19:12:25', '0000-00-00 00:00:00', '0000-00-00 00:00:00'),
	(913, 1, 1, '2021-12-26 18:12:11', '0000-00-00 00:00:00', '0000-00-00 00:00:00'),
	(914, 1, 1, '2021-12-27 14:20:55', '0000-00-00 00:00:00', '0000-00-00 00:00:00'),
	(915, 1, 1, '2021-12-27 15:12:12', '0000-00-00 00:00:00', '0000-00-00 00:00:00'),
	(916, 1, 1, '2021-12-27 15:16:50', '0000-00-00 00:00:00', '0000-00-00 00:00:00'),
	(917, 1, 1, '2021-12-27 16:36:16', '0000-00-00 00:00:00', '0000-00-00 00:00:00'),
	(918, 1, 1, '2021-12-28 09:02:49', '0000-00-00 00:00:00', '0000-00-00 00:00:00'),
	(919, 1, 1, '2021-12-28 11:53:42', '0000-00-00 00:00:00', '0000-00-00 00:00:00'),
	(920, 1, 1, '2021-12-28 14:57:44', '0000-00-00 00:00:00', '0000-00-00 00:00:00'),
	(921, 1, 1, '2021-12-28 17:21:59', '0000-00-00 00:00:00', '0000-00-00 00:00:00'),
	(922, 1, 1, '2021-12-28 17:54:42', '0000-00-00 00:00:00', '0000-00-00 00:00:00'),
	(923, 1, 1, '2021-12-29 08:53:53', '0000-00-00 00:00:00', '0000-00-00 00:00:00'),
	(924, 1, 1, '2021-12-29 10:13:29', '0000-00-00 00:00:00', '0000-00-00 00:00:00'),
	(925, 1, 1, '2021-12-29 10:48:44', '0000-00-00 00:00:00', '0000-00-00 00:00:00'),
	(926, 1, 1, '2021-12-29 21:34:52', '0000-00-00 00:00:00', '0000-00-00 00:00:00'),
	(927, 1, 1, '2021-12-30 08:02:26', '0000-00-00 00:00:00', '0000-00-00 00:00:00'),
	(928, 1, 1, '2021-12-30 13:32:24', '0000-00-00 00:00:00', '0000-00-00 00:00:00'),
	(929, 1, 1, '2021-12-30 16:55:18', '0000-00-00 00:00:00', '0000-00-00 00:00:00'),
	(930, 76, 1, '2021-12-30 18:35:53', '0000-00-00 00:00:00', '0000-00-00 00:00:00'),
	(931, 1, 1, '2021-12-31 15:07:55', '0000-00-00 00:00:00', '0000-00-00 00:00:00'),
	(932, 1, 1, '2021-12-31 17:40:03', '0000-00-00 00:00:00', '0000-00-00 00:00:00'),
	(933, 1, 1, '2021-12-31 18:42:17', '0000-00-00 00:00:00', '0000-00-00 00:00:00'),
	(934, 1, 1, '2022-01-01 00:33:00', '0000-00-00 00:00:00', '0000-00-00 00:00:00'),
	(935, 1, 1, '2022-01-01 09:29:41', '0000-00-00 00:00:00', '0000-00-00 00:00:00'),
	(936, 1, 1, '2022-01-01 21:05:00', '0000-00-00 00:00:00', '0000-00-00 00:00:00'),
	(937, 1, 1, '2022-01-01 22:11:20', '0000-00-00 00:00:00', '0000-00-00 00:00:00'),
	(938, 1, 1, '2022-01-03 09:22:11', '0000-00-00 00:00:00', '0000-00-00 00:00:00'),
	(939, 1, 1, '2022-01-03 18:08:03', '0000-00-00 00:00:00', '0000-00-00 00:00:00'),
	(940, 1, 1, '2022-01-03 18:45:57', '0000-00-00 00:00:00', '0000-00-00 00:00:00'),
	(941, 1, 1, '2022-01-04 09:26:18', '0000-00-00 00:00:00', '0000-00-00 00:00:00'),
	(942, 76, 1, '2022-01-04 16:04:41', '0000-00-00 00:00:00', '0000-00-00 00:00:00'),
	(943, 1, 1, '2022-01-04 16:10:12', '0000-00-00 00:00:00', '0000-00-00 00:00:00'),
	(944, 1, 1, '2022-01-04 16:39:34', '0000-00-00 00:00:00', '0000-00-00 00:00:00'),
	(945, 76, 1, '2022-01-04 16:54:12', '0000-00-00 00:00:00', '0000-00-00 00:00:00'),
	(946, 1, 1, '2022-01-04 19:14:30', '0000-00-00 00:00:00', '0000-00-00 00:00:00'),
	(947, 1, 1, '2022-01-05 08:07:41', '0000-00-00 00:00:00', '0000-00-00 00:00:00'),
	(948, 1, 1, '2022-01-05 08:44:50', '0000-00-00 00:00:00', '0000-00-00 00:00:00'),
	(949, 1, 1, '2022-01-05 10:13:22', '0000-00-00 00:00:00', '0000-00-00 00:00:00'),
	(950, 76, 1, '2022-01-05 12:40:47', '0000-00-00 00:00:00', '0000-00-00 00:00:00'),
	(951, 76, 1, '2022-01-05 13:19:54', '0000-00-00 00:00:00', '0000-00-00 00:00:00'),
	(952, 76, 1, '2022-01-05 16:48:07', '0000-00-00 00:00:00', '0000-00-00 00:00:00'),
	(953, 1, 1, '2022-01-05 21:40:39', '0000-00-00 00:00:00', '0000-00-00 00:00:00'),
	(954, 1, 1, '2022-01-06 14:14:55', '0000-00-00 00:00:00', '0000-00-00 00:00:00'),
	(955, 76, 1, '2022-01-06 17:51:27', '0000-00-00 00:00:00', '0000-00-00 00:00:00'),
	(956, 76, 1, '2022-01-06 20:02:45', '0000-00-00 00:00:00', '0000-00-00 00:00:00'),
	(957, 1, 1, '2022-01-06 23:32:41', '0000-00-00 00:00:00', '0000-00-00 00:00:00'),
	(958, 1, 1, '2022-01-06 23:34:48', '0000-00-00 00:00:00', '0000-00-00 00:00:00'),
	(959, 1, 1, '2022-01-07 15:19:53', '0000-00-00 00:00:00', '0000-00-00 00:00:00'),
	(960, 76, 1, '2022-01-07 16:00:44', '0000-00-00 00:00:00', '0000-00-00 00:00:00'),
	(961, 76, 1, '2022-01-07 16:54:36', '0000-00-00 00:00:00', '0000-00-00 00:00:00'),
	(962, 1, 1, '2022-01-07 17:26:07', '0000-00-00 00:00:00', '0000-00-00 00:00:00'),
	(963, 1, 1, '2022-01-07 18:23:30', '0000-00-00 00:00:00', '0000-00-00 00:00:00'),
	(964, 75, 1, '2022-01-08 10:47:04', '0000-00-00 00:00:00', '0000-00-00 00:00:00'),
	(965, 75, 1, '2022-01-08 12:41:06', '0000-00-00 00:00:00', '0000-00-00 00:00:00'),
	(966, 1, 1, '2022-01-08 22:40:52', '0000-00-00 00:00:00', '0000-00-00 00:00:00'),
	(967, 1, 1, '2022-01-09 15:21:29', '0000-00-00 00:00:00', '0000-00-00 00:00:00'),
	(968, 1, 1, '2022-01-09 21:12:04', '0000-00-00 00:00:00', '0000-00-00 00:00:00'),
	(969, 75, 1, '2022-01-10 15:14:03', '0000-00-00 00:00:00', '0000-00-00 00:00:00'),
	(970, 1, 1, '2022-01-11 08:23:32', '0000-00-00 00:00:00', '0000-00-00 00:00:00'),
	(971, 76, 1, '2022-01-11 09:14:38', '0000-00-00 00:00:00', '0000-00-00 00:00:00'),
	(972, 76, 1, '2022-01-11 12:48:51', '0000-00-00 00:00:00', '0000-00-00 00:00:00'),
	(973, 76, 1, '2022-01-11 14:43:42', '0000-00-00 00:00:00', '0000-00-00 00:00:00'),
	(974, 75, 1, '2022-01-11 15:07:55', '0000-00-00 00:00:00', '0000-00-00 00:00:00'),
	(975, 76, 1, '2022-01-11 16:11:06', '0000-00-00 00:00:00', '0000-00-00 00:00:00'),
	(976, 76, 1, '2022-01-11 17:13:03', '0000-00-00 00:00:00', '0000-00-00 00:00:00'),
	(977, 75, 1, '2022-01-11 17:14:19', '0000-00-00 00:00:00', '0000-00-00 00:00:00'),
	(978, 76, 1, '2022-01-11 17:28:46', '0000-00-00 00:00:00', '0000-00-00 00:00:00'),
	(979, 1, 1, '2022-01-11 18:55:29', '0000-00-00 00:00:00', '0000-00-00 00:00:00'),
	(980, 76, 1, '2022-01-12 09:51:34', '0000-00-00 00:00:00', '0000-00-00 00:00:00'),
	(981, 76, 1, '2022-01-12 10:56:23', '0000-00-00 00:00:00', '0000-00-00 00:00:00'),
	(982, 75, 1, '2022-01-12 15:31:02', '0000-00-00 00:00:00', '0000-00-00 00:00:00'),
	(983, 75, 1, '2022-01-12 17:49:25', '0000-00-00 00:00:00', '0000-00-00 00:00:00'),
	(984, 76, 1, '2022-01-12 17:57:22', '0000-00-00 00:00:00', '0000-00-00 00:00:00'),
	(985, 75, 1, '2022-01-12 18:41:42', '0000-00-00 00:00:00', '0000-00-00 00:00:00'),
	(986, 1, 1, '2022-01-13 14:04:30', '0000-00-00 00:00:00', '0000-00-00 00:00:00'),
	(987, 1, 1, '2022-01-16 11:34:54', '0000-00-00 00:00:00', '0000-00-00 00:00:00'),
	(988, 1, 1, '2022-01-29 20:38:48', '0000-00-00 00:00:00', '0000-00-00 00:00:00');
/*!40000 ALTER TABLE `log_acessos` ENABLE KEYS */;

-- Copiando estrutura para tabela zig.meios_pagamentos
CREATE TABLE IF NOT EXISTS `meios_pagamentos` (
  `id` int NOT NULL AUTO_INCREMENT,
  `legenda` varchar(50) NOT NULL,
  `created_at` timestamp NOT NULL DEFAULT CURRENT_TIMESTAMP ON UPDATE CURRENT_TIMESTAMP,
  `updated_at` timestamp NOT NULL DEFAULT '0000-00-00 00:00:00',
  PRIMARY KEY (`id`)
) ENGINE=InnoDB AUTO_INCREMENT=6 DEFAULT CHARSET=latin1;

-- Copiando dados para a tabela zig.meios_pagamentos: ~5 rows (aproximadamente)
/*!40000 ALTER TABLE `meios_pagamentos` DISABLE KEYS */;
INSERT INTO `meios_pagamentos` (`id`, `legenda`, `created_at`, `updated_at`) VALUES
	(1, 'Dinheiro', '0000-00-00 00:00:00', '0000-00-00 00:00:00'),
	(2, 'Crédito', '0000-00-00 00:00:00', '0000-00-00 00:00:00'),
	(3, 'Débito', '0000-00-00 00:00:00', '0000-00-00 00:00:00'),
	(4, 'Boleto', '2021-01-14 12:03:35', '0000-00-00 00:00:00'),
	(5, 'Pix', '2021-12-27 15:06:48', '0000-00-00 00:00:00');
/*!40000 ALTER TABLE `meios_pagamentos` ENABLE KEYS */;

-- Copiando estrutura para tabela zig.migrations
CREATE TABLE IF NOT EXISTS `migrations` (
  `id` int NOT NULL AUTO_INCREMENT,
  `code` varchar(10) NOT NULL,
  `description` varchar(150) NOT NULL,
  `created_at` timestamp NOT NULL DEFAULT CURRENT_TIMESTAMP,
  `updated_at` timestamp NULL DEFAULT NULL ON UPDATE CURRENT_TIMESTAMP,
  PRIMARY KEY (`id`)
) ENGINE=InnoDB AUTO_INCREMENT=33 DEFAULT CHARSET=utf8;

-- Copiando dados para a tabela zig.migrations: ~31 rows (aproximadamente)
/*!40000 ALTER TABLE `migrations` DISABLE KEYS */;
INSERT INTO `migrations` (`id`, `code`, `description`, `created_at`, `updated_at`) VALUES
	(1, '1593604775', 'cria tabela migrations', '2020-07-01 09:33:40', NULL),
	(2, '1593605007', 'cria tabela de clientes segmentos', '2020-07-01 09:33:40', NULL),
	(3, '1593605094', 'cria tabela de clientes tipos', '2020-07-01 09:33:40', NULL),
	(4, '1593605143', 'cria tabela de empresas', '2020-07-01 09:33:40', NULL),
	(5, '1593605239', 'cria tabela de clientes', '2020-07-01 09:33:40', NULL),
	(6, '1593605328', 'cria tabela de meios de pagamento', '2020-07-01 09:33:40', NULL),
	(7, '1593605367', 'cria tabela de tipos pdv', '2020-07-01 09:33:40', NULL),
	(8, '1593605428', 'cria tabela de clientes enderecos', '2020-07-01 09:33:40', NULL),
	(9, '1593605466', 'cria tabela de config pdv', '2020-07-01 09:33:40', NULL),
	(10, '1593605510', 'cria tabela de modulos', '2020-07-01 09:33:40', NULL),
	(11, '1593605548', 'cria tabela de perfis', '2020-07-01 09:33:40', NULL),
	(12, '1593605570', 'cria tabela de produtos', '2020-07-01 09:33:40', NULL),
	(13, '1593605592', 'cria tabela de sexos', '2020-07-01 09:33:40', NULL),
	(14, '1593605596', 'cria tabela de usuarios', '2020-07-01 09:33:40', NULL),
	(15, '1593605654', 'cria tabela de modulos de usuarios', '2020-07-01 09:33:40', NULL),
	(16, '1593605683', 'cria tabela de vendas', '2020-07-01 09:33:40', NULL),
	(17, '1593608384', 'cria tabela de logs', '2020-07-01 09:33:40', NULL),
	(18, '1593618822', 'campo email', '2020-07-26 13:40:40', NULL),
	(19, '1593619560', 'acriar campo id segmento em empresas', '2020-07-26 13:40:40', NULL),
	(20, '1593620377', 'chave estrageira de id segmento em tabela empresas', '2020-07-26 13:40:40', NULL),
	(21, '1595762432', 'cria tabela de recuperacao de senha', '2020-07-26 13:40:41', NULL),
	(22, '1605128613', 'adiciona coluna remember token na tabela usuarios', '2020-12-31 00:09:47', NULL),
	(23, '1605128710', 'adiciona coluna remember expire date na tabela usuarios', '2020-12-31 00:09:47', NULL),
	(24, '1609101088', 'cria tabela de pedidos', '2020-12-31 00:09:47', NULL),
	(25, '1609101547', 'cria tabela de produtos pedidos', '2020-12-31 00:09:48', NULL),
	(26, '1609101745', 'cria tabela situacoes pedidos', '2020-12-31 00:09:48', NULL),
	(27, '1609103876', 'adiciona coluna deleted at a tabela produtos', '2020-12-31 00:09:48', NULL),
	(29, '1610391011', 'lista de clientes segmentos', '2021-01-11 16:10:16', NULL),
	(30, '1610623759', 'adiciona boleto aos meios de pagamento', '2021-01-14 12:03:35', NULL),
	(31, '1610626072', 'adiciona data compensacao a tabela de vendas', '2021-01-14 12:03:35', NULL),
	(32, '1610674406', 'created at em vendas', '2021-01-14 22:35:26', NULL);
/*!40000 ALTER TABLE `migrations` ENABLE KEYS */;

-- Copiando estrutura para tabela zig.modulos
CREATE TABLE IF NOT EXISTS `modulos` (
  `id` int NOT NULL AUTO_INCREMENT,
  `descricao` varchar(50) NOT NULL,
  `created_at` timestamp NOT NULL DEFAULT CURRENT_TIMESTAMP ON UPDATE CURRENT_TIMESTAMP,
  `updated_at` timestamp NOT NULL DEFAULT '0000-00-00 00:00:00',
  `deleted_at` timestamp NULL DEFAULT NULL,
  PRIMARY KEY (`id`)
) ENGINE=InnoDB AUTO_INCREMENT=12 DEFAULT CHARSET=latin1;

-- Copiando dados para a tabela zig.modulos: ~10 rows (aproximadamente)
/*!40000 ALTER TABLE `modulos` DISABLE KEYS */;
INSERT INTO `modulos` (`id`, `descricao`, `created_at`, `updated_at`, `deleted_at`) VALUES
	(2, 'Inicio', '2020-06-24 06:55:45', '2020-06-24 06:55:46', NULL),
	(3, 'Empresas', '0000-00-00 00:00:00', '0000-00-00 00:00:00', NULL),
	(4, 'Usuarios', '0000-00-00 00:00:00', '0000-00-00 00:00:00', NULL),
	(5, 'PDV padrão', '0000-00-00 00:00:00', '0000-00-00 00:00:00', NULL),
	(6, 'PDV diferencial', '0000-00-00 00:00:00', '0000-00-00 00:00:00', NULL),
	(7, 'Clientes', '0000-00-00 00:00:00', '0000-00-00 00:00:00', NULL),
	(8, 'Produtos', '0000-00-00 00:00:00', '0000-00-00 00:00:00', NULL),
	(9, 'Pedidos', '0000-00-00 00:00:00', '0000-00-00 00:00:00', NULL),
	(10, 'Relatorios', '0000-00-00 00:00:00', '0000-00-00 00:00:00', NULL),
	(11, 'Configurações', '0000-00-00 00:00:00', '0000-00-00 00:00:00', NULL);
/*!40000 ALTER TABLE `modulos` ENABLE KEYS */;

-- Copiando estrutura para tabela zig.pedidos
CREATE TABLE IF NOT EXISTS `pedidos` (
  `id` int NOT NULL AUTO_INCREMENT,
  `id_empresa` int NOT NULL DEFAULT '0',
  `id_vendedor` int NOT NULL DEFAULT '0',
  `id_cliente` int NOT NULL DEFAULT '0',
  `id_meio_pagamento` int DEFAULT NULL,
  `id_situacao_pedido` int NOT NULL,
  `id_cliente_endereco` int NOT NULL,
  `valor_desconto` double NOT NULL DEFAULT '0',
  `valor_frete` double NOT NULL DEFAULT '0',
  `previsao_entrega` date NOT NULL DEFAULT '0000-00-00',
  `total` double NOT NULL,
  `created_at` timestamp NULL DEFAULT NULL,
  `updated_at` timestamp NULL DEFAULT NULL,
  PRIMARY KEY (`id`),
  KEY `FK_empresas_pedidos` (`id_empresa`),
  KEY `FK_usuarios_pedidos` (`id_vendedor`),
  KEY `FK_clientes_pedidos` (`id_cliente`),
  KEY `FK_meio_pagamentos_pedidos` (`id_meio_pagamento`),
  KEY `FK_cliente_endereco_pedidos` (`id_cliente_endereco`),
  KEY `FK_situacao_pedidos` (`id_situacao_pedido`)
) ENGINE=MyISAM AUTO_INCREMENT=189 DEFAULT CHARSET=utf8 COLLATE=utf8_unicode_ci;

-- Copiando dados para a tabela zig.pedidos: 7 rows
/*!40000 ALTER TABLE `pedidos` DISABLE KEYS */;
INSERT INTO `pedidos` (`id`, `id_empresa`, `id_vendedor`, `id_cliente`, `id_meio_pagamento`, `id_situacao_pedido`, `id_cliente_endereco`, `valor_desconto`, `valor_frete`, `previsao_entrega`, `total`, `created_at`, `updated_at`) VALUES
	(182, 0, 58, 24, NULL, 7, 26, 0, 0, '0000-00-00', 0, '2020-11-27 19:23:39', '2020-11-27 19:23:39'),
	(183, 0, 58, 24, NULL, 7, 27, 0, 0, '0000-00-00', 0, '2020-11-27 19:26:22', '2020-11-27 19:26:22'),
	(184, 0, 58, 26, 1, 3, 28, 0, 0, '2020-12-16', 0, '2020-12-09 14:21:06', '2020-12-09 14:31:35'),
	(185, 0, 1, 25, NULL, 7, 29, 0, 0, '0000-00-00', 0, '2021-01-09 10:50:06', '2021-01-09 10:50:06'),
	(186, 0, 1, 25, 1, 1, 29, 0, 0, '2021-01-16', 0, '2021-01-09 17:05:36', '2021-01-09 17:06:13'),
	(187, 0, 1, 25, 1, 1, 29, 5, 5, '2021-01-30', 0, '2021-01-12 21:49:48', '2021-02-19 11:28:37'),
	(188, 0, 73, 27, 1, 1, 30, 0, 0, '0000-00-00', 0, '2021-03-01 20:50:22', '2021-03-01 20:51:04');
/*!40000 ALTER TABLE `pedidos` ENABLE KEYS */;

-- Copiando estrutura para tabela zig.perfis
CREATE TABLE IF NOT EXISTS `perfis` (
  `id` int NOT NULL AUTO_INCREMENT,
  `descricao` varchar(50) NOT NULL DEFAULT '0',
  `created_at` timestamp NOT NULL DEFAULT '0000-00-00 00:00:00' ON UPDATE CURRENT_TIMESTAMP,
  `updated_at` timestamp NOT NULL DEFAULT '0000-00-00 00:00:00',
  PRIMARY KEY (`id`)
) ENGINE=InnoDB AUTO_INCREMENT=6 DEFAULT CHARSET=latin1;

-- Copiando dados para a tabela zig.perfis: ~4 rows (aproximadamente)
/*!40000 ALTER TABLE `perfis` DISABLE KEYS */;
INSERT INTO `perfis` (`id`, `descricao`, `created_at`, `updated_at`) VALUES
	(1, 'Super Admin', '2020-06-21 13:00:15', '0000-00-00 00:00:00'),
	(2, 'Administrador', '2020-07-10 09:07:34', '0000-00-00 00:00:00'),
	(4, 'Vendedor', '2020-04-25 00:53:32', '0000-00-00 00:00:00'),
	(5, 'Gerente', '0000-00-00 00:00:00', '0000-00-00 00:00:00');
/*!40000 ALTER TABLE `perfis` ENABLE KEYS */;

-- Copiando estrutura para tabela zig.produtos
CREATE TABLE IF NOT EXISTS `produtos` (
  `id` int NOT NULL AUTO_INCREMENT,
  `id_empresa` int NOT NULL,
  `nome` varchar(50) NOT NULL,
  `codigo` int NOT NULL DEFAULT '0',
  `preco` double NOT NULL DEFAULT '0',
  `descricao` text,
  `imagem` text,
  `created_at` timestamp NOT NULL DEFAULT CURRENT_TIMESTAMP ON UPDATE CURRENT_TIMESTAMP,
  `updated_at` timestamp NOT NULL DEFAULT '0000-00-00 00:00:00',
  `deleted_at` timestamp NULL DEFAULT NULL,
  PRIMARY KEY (`id`),
  KEY `FK_produtos_clientes` (`id_empresa`),
  CONSTRAINT `FK_produtos_clientes` FOREIGN KEY (`id_empresa`) REFERENCES `empresas` (`id`)
) ENGINE=InnoDB AUTO_INCREMENT=208 DEFAULT CHARSET=latin1;

-- Copiando dados para a tabela zig.produtos: ~54 rows (aproximadamente)
/*!40000 ALTER TABLE `produtos` DISABLE KEYS */;
INSERT INTO `produtos` (`id`, `id_empresa`, `nome`, `codigo`, `preco`, `descricao`, `imagem`, `created_at`, `updated_at`, `deleted_at`) VALUES
	(153, 1, '1/2 queijo colonial (19)', 1532022, 19, '', NULL, '2022-01-29 20:39:14', '2022-01-29 20:39:14', NULL),
	(154, 1, '1/2 queijo colonial (20)', 1542022, 20, '', NULL, '2022-01-29 20:37:40', '0000-00-00 00:00:00', NULL),
	(155, 1, '1/2 queijo colonial (21)', 1552022, 21, '', NULL, '2022-01-29 20:37:40', '0000-00-00 00:00:00', NULL),
	(156, 1, 'queijo colonial inteiro (38)', 1562022, 38, '', NULL, '2022-01-29 20:37:40', '0000-00-00 00:00:00', NULL),
	(157, 1, 'queijo colonial inteiro (39)', 1572022, 39, '', NULL, '2022-01-29 20:37:40', '0000-00-00 00:00:00', NULL),
	(158, 1, 'queijo colonial inteiro (40)', 1582022, 40, '', NULL, '2022-01-29 20:37:40', '0000-00-00 00:00:00', NULL),
	(159, 1, 'queijo colonial inteiro (41)', 1592022, 41, '', NULL, '2022-01-29 20:37:40', '0000-00-00 00:00:00', NULL),
	(160, 1, 'queijo colonial inteiro (42)', 1602022, 42, '', NULL, '2022-01-29 20:37:40', '0000-00-00 00:00:00', NULL),
	(161, 1, 'melado', 1612022, 10, '', NULL, '2022-01-29 20:37:40', '0000-00-00 00:00:00', NULL),
	(162, 1, 'melado batido', 1622022, 10, '', NULL, '2022-01-29 20:37:40', '0000-00-00 00:00:00', NULL),
	(163, 1, 'geleia Dillin uva - 500gr', 1632022, 20, '', NULL, '2022-01-29 20:37:40', '0000-00-00 00:00:00', NULL),
	(164, 1, 'geleia Dillin banana - 500gr', 1642022, 20, '', NULL, '2022-01-29 20:37:40', '0000-00-00 00:00:00', NULL),
	(165, 1, 'geleia Dillin blueberry - 500gr', 1652022, 20, '', NULL, '2022-01-29 20:37:40', '0000-00-00 00:00:00', NULL),
	(166, 1, 'geleia Dillin laranja - 500gr', 1662022, 20, '', NULL, '2022-01-29 20:37:40', '0000-00-00 00:00:00', NULL),
	(167, 1, 'geleia Dillin maracuja - 500gr', 1672022, 20, '', NULL, '2022-01-29 20:37:40', '0000-00-00 00:00:00', NULL),
	(168, 1, 'cachaça Bylaardt morango - 500ml', 1682022, 30, '', NULL, '2022-01-29 20:37:40', '0000-00-00 00:00:00', NULL),
	(169, 1, 'cachaça Bylaardt menta - 500ml', 1692022, 30, '', NULL, '2022-01-29 20:37:40', '0000-00-00 00:00:00', NULL),
	(170, 1, 'cachaça Bylaardt coco - 500ml', 1702022, 30, '', NULL, '2022-01-29 20:37:40', '0000-00-00 00:00:00', NULL),
	(171, 1, 'cachaça Bylaardt canela - 500ml', 1712022, 30, '', NULL, '2022-01-29 20:37:40', '0000-00-00 00:00:00', NULL),
	(172, 1, 'cachaça Bylaardt banana - 500ml', 1722022, 30, '', NULL, '2022-01-29 20:37:40', '0000-00-00 00:00:00', NULL),
	(173, 1, 'cachaça Bylaardt cacau - 500ml', 1732022, 30, '', NULL, '2022-01-29 20:37:40', '0000-00-00 00:00:00', NULL),
	(174, 1, 'trago do galdério coco - 1lt', 1742022, 30, '', NULL, '2022-01-29 20:37:40', '0000-00-00 00:00:00', NULL),
	(175, 1, 'trago do galdério cappuccino - 1lt', 1752022, 30, '', NULL, '2022-01-29 20:37:40', '0000-00-00 00:00:00', NULL),
	(176, 1, 'trago do galdério amendoim - 1lt', 1762022, 30, '', NULL, '2022-01-29 20:37:41', '0000-00-00 00:00:00', NULL),
	(177, 1, 'salame pernil (16)', 1772022, 16, '', NULL, '2022-01-29 20:37:41', '0000-00-00 00:00:00', NULL),
	(178, 1, 'salame pernil (17)', 1782022, 17, '', NULL, '2022-01-29 20:37:41', '0000-00-00 00:00:00', NULL),
	(179, 1, 'salame pernil (15)', 1792022, 15, '', NULL, '2022-01-29 20:37:41', '0000-00-00 00:00:00', NULL),
	(180, 1, 'linguiça pernil (11)', 1802022, 11, '', NULL, '2022-01-29 20:37:41', '0000-00-00 00:00:00', NULL),
	(181, 1, 'linguiça pernil (12)', 1812022, 12, '', NULL, '2022-01-29 20:37:41', '0000-00-00 00:00:00', NULL),
	(182, 1, 'linguiça pernil (13)', 1822022, 13, '', NULL, '2022-01-29 20:37:41', '0000-00-00 00:00:00', NULL),
	(183, 1, 'krakóvia', 1832022, 23, '', NULL, '2022-01-29 20:37:41', '0000-00-00 00:00:00', NULL),
	(184, 1, 'Teste', 1842021, 10, 'uyuuyu', NULL, '2021-12-02 13:16:51', '2021-12-02 13:16:51', '2021-12-02 13:16:51'),
	(185, 1, '1/2 queijo colonial (22)', 1852021, 22, '', NULL, '2021-12-03 17:56:18', '2021-12-03 17:56:18', NULL),
	(186, 1, 'Cachaça schnaps - 500ml', 1862021, 35, '', NULL, '2022-01-06 17:52:55', '2022-01-06 17:52:55', NULL),
	(187, 1, 'Foundant com geleia de maracujá - 680gr', 1872021, 20, '', NULL, '2021-12-04 17:22:25', '2021-12-04 17:22:25', NULL),
	(188, 1, 'Foundant com geleia de ameixa - 680gr', 1882021, 20, '', NULL, '2021-12-04 17:25:05', '2021-12-04 17:25:05', NULL),
	(189, 1, 'Foundant com geleia de morango - 680gr', 1892021, 20, '', NULL, '2021-12-04 17:24:43', '2021-12-04 17:24:43', NULL),
	(190, 1, 'Muss de banana Ajaar - 500gr', 1902021, 13, '', NULL, '2021-12-04 17:25:40', '2021-12-04 17:25:40', NULL),
	(191, 1, 'Geleia de morango Ajaar - 300gr', 1912021, 13, '', NULL, '2022-01-06 20:04:16', '2022-01-06 20:04:16', NULL),
	(192, 1, 'Geleia de pimenta Ajaar - 300gr', 1922021, 14, '', NULL, '2021-12-04 17:28:02', '2021-12-04 17:28:02', NULL),
	(193, 1, 'Geleia de abacaxi Ajaar - 300gr', 1932021, 14, '', NULL, '2021-12-04 17:28:21', '2021-12-04 17:28:21', NULL),
	(194, 1, 'Geleia de jabuticaba Ajaar - 300gr', 1942021, 14, '', NULL, '2021-12-04 17:28:47', '2021-12-04 17:28:47', NULL),
	(195, 1, 'Geleia de figo Ajaar - 300gr', 1952021, 14, '', NULL, '2021-12-04 17:29:04', '2021-12-04 17:29:04', NULL),
	(196, 1, 'Vinho tinto seco Pertutti - 1L', 1962021, 15, '', NULL, '2021-12-04 17:33:58', '2021-12-04 17:33:58', NULL),
	(197, 1, 'Vinho tinto branco Pertutti - 1L', 1972021, 15, '', NULL, '2021-12-04 17:34:18', '2021-12-04 17:34:18', NULL),
	(198, 1, 'Suco de uva Bertoletti - 500ml', 1982021, 8, '', NULL, '2021-12-04 17:36:19', '2021-12-04 17:36:19', NULL),
	(199, 1, 'Suco de uva Bertoletti - 1,5L', 1992021, 20, '', NULL, '2021-12-04 17:36:44', '2021-12-04 17:36:44', NULL),
	(200, 1, 'Linguiça pernil (17)', 2002021, 17, '', NULL, '2021-12-09 14:33:50', '2021-12-09 14:33:50', NULL),
	(201, 1, 'Linguiça pernil (14)', 2012021, 14, '', NULL, '2021-12-09 14:34:23', '2021-12-09 14:34:23', NULL),
	(202, 1, 'Linguiça pernil 16', 2022021, 16, '', NULL, '2021-12-09 14:34:41', '2021-12-09 14:34:41', NULL),
	(203, 1, 'Foundant - de Leite', 2032021, 20, '', NULL, '2021-12-15 18:34:56', '2021-12-15 18:34:56', NULL),
	(204, 1, 'Trago do Galdério - 1 lt', 2042021, 30, '', NULL, '2021-12-15 19:03:41', '2021-12-15 19:03:41', NULL),
	(205, 1, 'linguiça pernil (15)', 2052022, 15, '', NULL, '2022-01-04 16:05:41', '2022-01-04 16:05:41', NULL),
	(206, 1, 'Krakóvia (22)', 2062022, 22, '', NULL, '2022-01-11 13:08:17', '2022-01-11 13:08:17', NULL),
	(207, 1, 'teste', 2072022, 50, 'uyuyu', 'public/imagem/produtos/1642367037.png', '2022-01-16 18:03:57', '2022-01-16 18:03:57', NULL);
/*!40000 ALTER TABLE `produtos` ENABLE KEYS */;

-- Copiando estrutura para tabela zig.produtos_pedidos
CREATE TABLE IF NOT EXISTS `produtos_pedidos` (
  `id` int NOT NULL AUTO_INCREMENT,
  `id_pedido` int NOT NULL,
  `id_produto` int NOT NULL,
  `preco` double NOT NULL DEFAULT '0',
  `quantidade` int NOT NULL,
  `subtotal` double NOT NULL DEFAULT '0',
  `created_at` timestamp NULL DEFAULT NULL,
  `updated_at` timestamp NULL DEFAULT NULL,
  PRIMARY KEY (`id`),
  KEY `id_pedido` (`id_pedido`),
  KEY `id_produto` (`id_produto`)
) ENGINE=MyISAM AUTO_INCREMENT=336 DEFAULT CHARSET=utf8 COLLATE=utf8_unicode_ci;

-- Copiando dados para a tabela zig.produtos_pedidos: 6 rows
/*!40000 ALTER TABLE `produtos_pedidos` DISABLE KEYS */;
INSERT INTO `produtos_pedidos` (`id`, `id_pedido`, `id_produto`, `preco`, `quantidade`, `subtotal`, `created_at`, `updated_at`) VALUES
	(330, 184, 47, 22.8, 2, 34.2, '2020-12-09 14:28:43', '2020-12-09 14:29:15'),
	(331, 186, 51, 145.24, 3, 435.72, '2021-01-09 17:05:47', '2021-01-10 00:32:32'),
	(332, 186, 53, 12.12, 1, 12.12, '2021-01-09 17:05:55', '2021-01-09 17:05:55'),
	(333, 187, 51, 145.24, 1, 145.24, '2021-01-12 21:49:58', '2021-01-12 21:49:58'),
	(334, 187, 52, 4.58, 2, 9.16, '2021-01-12 21:50:11', '2021-01-12 21:50:11'),
	(335, 188, 52, 98, 1, 98, '2021-03-01 20:50:35', '2021-03-01 20:50:35');
/*!40000 ALTER TABLE `produtos_pedidos` ENABLE KEYS */;

-- Copiando estrutura para tabela zig.recuperacao_de_senha
CREATE TABLE IF NOT EXISTS `recuperacao_de_senha` (
  `id` int NOT NULL AUTO_INCREMENT,
  `user_id` int NOT NULL,
  `hash` varchar(100) NOT NULL,
  `created_at` timestamp NOT NULL DEFAULT CURRENT_TIMESTAMP,
  `updated_at` timestamp NULL DEFAULT NULL,
  PRIMARY KEY (`id`)
) ENGINE=InnoDB AUTO_INCREMENT=17 DEFAULT CHARSET=utf8;

-- Copiando dados para a tabela zig.recuperacao_de_senha: ~0 rows (aproximadamente)
/*!40000 ALTER TABLE `recuperacao_de_senha` DISABLE KEYS */;
INSERT INTO `recuperacao_de_senha` (`id`, `user_id`, `hash`, `created_at`, `updated_at`) VALUES
	(16, 1, 'YjM2NGRhY2UzNmVjOTk4YWIwZGU4MmViZDYwOTY4M2QwMDU5MDA4MA==', '2021-12-24 12:04:10', NULL);
/*!40000 ALTER TABLE `recuperacao_de_senha` ENABLE KEYS */;

-- Copiando estrutura para tabela zig.sexos
CREATE TABLE IF NOT EXISTS `sexos` (
  `id` int NOT NULL AUTO_INCREMENT,
  `descricao` varchar(50) NOT NULL,
  `created_at` timestamp NOT NULL DEFAULT CURRENT_TIMESTAMP ON UPDATE CURRENT_TIMESTAMP,
  `updated_at` timestamp NOT NULL DEFAULT '0000-00-00 00:00:00',
  PRIMARY KEY (`id`)
) ENGINE=InnoDB AUTO_INCREMENT=3 DEFAULT CHARSET=latin1;

-- Copiando dados para a tabela zig.sexos: ~2 rows (aproximadamente)
/*!40000 ALTER TABLE `sexos` DISABLE KEYS */;
INSERT INTO `sexos` (`id`, `descricao`, `created_at`, `updated_at`) VALUES
	(1, 'Masculino', '2020-02-21 14:08:58', '0000-00-00 00:00:00'),
	(2, 'Feminino', '2020-02-21 14:09:09', '0000-00-00 00:00:00');
/*!40000 ALTER TABLE `sexos` ENABLE KEYS */;

-- Copiando estrutura para tabela zig.situacoes_pedidos
CREATE TABLE IF NOT EXISTS `situacoes_pedidos` (
  `id` int NOT NULL AUTO_INCREMENT,
  `legenda` varchar(50) CHARACTER SET utf8 COLLATE utf8_unicode_ci NOT NULL DEFAULT '',
  `created_at` timestamp NULL DEFAULT '0000-00-00 00:00:00' ON UPDATE CURRENT_TIMESTAMP,
  `updated_at` timestamp NULL DEFAULT '0000-00-00 00:00:00',
  PRIMARY KEY (`id`)
) ENGINE=MyISAM AUTO_INCREMENT=8 DEFAULT CHARSET=utf8 COLLATE=utf8_unicode_ci;

-- Copiando dados para a tabela zig.situacoes_pedidos: 5 rows
/*!40000 ALTER TABLE `situacoes_pedidos` DISABLE KEYS */;
INSERT INTO `situacoes_pedidos` (`id`, `legenda`, `created_at`, `updated_at`) VALUES
	(1, 'Realizado', '2020-08-06 11:01:25', '0000-00-00 00:00:00'),
	(2, 'Em preparação', '2020-08-06 11:01:45', '0000-00-00 00:00:00'),
	(3, 'Enviado', '2020-08-06 11:01:55', '0000-00-00 00:00:00'),
	(5, 'Recebido', '2020-08-06 11:02:00', '0000-00-00 00:00:00'),
	(7, 'Incompleto', '0000-00-00 00:00:00', '0000-00-00 00:00:00');
/*!40000 ALTER TABLE `situacoes_pedidos` ENABLE KEYS */;

-- Copiando estrutura para tabela zig.teste
CREATE TABLE IF NOT EXISTS `teste` (
  `id` int NOT NULL AUTO_INCREMENT,
  `nome` varchar(50) CHARACTER SET utf8 COLLATE utf8_unicode_ci NOT NULL DEFAULT '0',
  `peso` double NOT NULL DEFAULT '0',
  `altura` double NOT NULL DEFAULT '0',
  PRIMARY KEY (`id`)
) ENGINE=InnoDB AUTO_INCREMENT=6 DEFAULT CHARSET=utf8 COLLATE=utf8_unicode_ci;

-- Copiando dados para a tabela zig.teste: ~3 rows (aproximadamente)
/*!40000 ALTER TABLE `teste` DISABLE KEYS */;
INSERT INTO `teste` (`id`, `nome`, `peso`, `altura`) VALUES
	(1, 'Joao', 104, 1.75),
	(3, 'Maria', 65, 1.85),
	(5, 'Renata', 100, 1.65);
/*!40000 ALTER TABLE `teste` ENABLE KEYS */;

-- Copiando estrutura para tabela zig.tipos_pdv
CREATE TABLE IF NOT EXISTS `tipos_pdv` (
  `id` int NOT NULL AUTO_INCREMENT,
  `descricao` varchar(50) NOT NULL,
  `created_at` timestamp NOT NULL DEFAULT CURRENT_TIMESTAMP ON UPDATE CURRENT_TIMESTAMP,
  `updated_at` timestamp NOT NULL DEFAULT '0000-00-00 00:00:00',
  PRIMARY KEY (`id`)
) ENGINE=InnoDB AUTO_INCREMENT=3 DEFAULT CHARSET=latin1;

-- Copiando dados para a tabela zig.tipos_pdv: ~2 rows (aproximadamente)
/*!40000 ALTER TABLE `tipos_pdv` DISABLE KEYS */;
INSERT INTO `tipos_pdv` (`id`, `descricao`, `created_at`, `updated_at`) VALUES
	(1, 'Padrão', '0000-00-00 00:00:00', '0000-00-00 00:00:00'),
	(2, 'Diferencial', '2020-05-23 17:02:09', '2020-05-23 17:02:09');
/*!40000 ALTER TABLE `tipos_pdv` ENABLE KEYS */;

-- Copiando estrutura para tabela zig.usuarios
CREATE TABLE IF NOT EXISTS `usuarios` (
  `id` int NOT NULL AUTO_INCREMENT,
  `id_empresa` int NOT NULL DEFAULT '0',
  `nome` varchar(50) NOT NULL,
  `email` varchar(50) NOT NULL,
  `password` varchar(50) NOT NULL,
  `remember_token` varchar(60) DEFAULT NULL,
  `remember_expire_date` timestamp NULL DEFAULT NULL,
  `id_sexo` int DEFAULT NULL,
  `id_perfil` int DEFAULT NULL,
  `imagem` text,
  `status` int DEFAULT '1',
  `created_at` timestamp NOT NULL DEFAULT '0000-00-00 00:00:00' ON UPDATE CURRENT_TIMESTAMP,
  `updated_at` timestamp NOT NULL DEFAULT '0000-00-00 00:00:00',
  `deleted_at` timestamp NOT NULL DEFAULT '0000-00-00 00:00:00',
  PRIMARY KEY (`id`),
  KEY `FK_usuarios_sexo` (`id_sexo`),
  KEY `FK_usuarios_perfis` (`id_perfil`),
  KEY `FK_usuarios_clientes` (`id_empresa`),
  CONSTRAINT `FK_usuarios_clientes` FOREIGN KEY (`id_empresa`) REFERENCES `empresas` (`id`),
  CONSTRAINT `FK_usuarios_perfis` FOREIGN KEY (`id_perfil`) REFERENCES `perfis` (`id`),
  CONSTRAINT `FK_usuarios_sexo` FOREIGN KEY (`id_sexo`) REFERENCES `sexos` (`id`)
) ENGINE=InnoDB AUTO_INCREMENT=77 DEFAULT CHARSET=latin1;

-- Copiando dados para a tabela zig.usuarios: ~4 rows (aproximadamente)
/*!40000 ALTER TABLE `usuarios` DISABLE KEYS */;
INSERT INTO `usuarios` (`id`, `id_empresa`, `nome`, `email`, `password`, `remember_token`, `remember_expire_date`, `id_sexo`, `id_perfil`, `imagem`, `status`, `created_at`, `updated_at`, `deleted_at`) VALUES
	(1, 1, 'Valdiney França', 'admin@admin.com', '38f582ade46ad83fb28b589404513f147c93f31a', 'df8351e00f4948449d67ac25d786d7449a521163', '2022-03-01 20:38:48', 1, 1, 'public/imagem/perfil_usuarios/1585493352.jpg', 1, '2022-01-29 20:38:48', '2022-01-29 20:38:48', '0000-00-00 00:00:00'),
	(57, 1, 'Enrique', 'admin2@admin.com', '38f582ade46ad83fb28b589404513f147c93f31a', NULL, NULL, 1, 1, '../public/imagem/perfil_usuarios/1638401738.png', 1, '2022-01-16 11:36:15', '2022-01-16 11:36:15', '0000-00-00 00:00:00'),
	(75, 1, 'Lucas Luiz', 'teste987787@gmail.com', '38f582ade46ad83fb28b589404513f147c93f31a', '3f424582d6beb22678b0f90f5d39ee3d8b995488', '2022-02-08 10:47:04', 1, 5, NULL, 1, '2022-01-16 11:36:26', '2022-01-16 11:36:26', '0000-00-00 00:00:00'),
	(76, 1, 'Enrique Erbs', 'testettt@outlook.com', '38f582ade46ad83fb28b589404513f147c93f31a', 'eed16a11d267b7df2aeede63b277c62f746fb358', '2022-02-04 16:04:41', 1, 5, NULL, 1, '2022-01-16 11:36:32', '2022-01-16 11:36:32', '0000-00-00 00:00:00');
/*!40000 ALTER TABLE `usuarios` ENABLE KEYS */;

-- Copiando estrutura para tabela zig.vendas
CREATE TABLE IF NOT EXISTS `vendas` (
  `id` int NOT NULL AUTO_INCREMENT,
  `id_usuario` int NOT NULL,
  `id_meio_pagamento` int NOT NULL,
  `id_empresa` int NOT NULL,
  `id_produto` int DEFAULT NULL,
  `preco` double DEFAULT '0',
  `quantidade` int DEFAULT NULL,
  `valor` double NOT NULL DEFAULT '0',
  `data_compensacao` date DEFAULT NULL,
  `codigo_venda` varchar(100) DEFAULT NULL,
  `created_at` timestamp NOT NULL DEFAULT CURRENT_TIMESTAMP ON UPDATE CURRENT_TIMESTAMP,
  `updated_at` timestamp NOT NULL DEFAULT '0000-00-00 00:00:00',
  `deleted_at` timestamp NULL DEFAULT NULL,
  PRIMARY KEY (`id`),
  KEY `FK_vendas_meios_de_pagamento` (`id_meio_pagamento`),
  KEY `FK_vendas_usuarios` (`id_usuario`),
  KEY `FK_vendas_clientes` (`id_empresa`),
  CONSTRAINT `FK_vendas_clientes` FOREIGN KEY (`id_empresa`) REFERENCES `empresas` (`id`),
  CONSTRAINT `FK_vendas_meios_de_pagamento` FOREIGN KEY (`id_meio_pagamento`) REFERENCES `meios_pagamentos` (`id`),
  CONSTRAINT `FK_vendas_usuarios` FOREIGN KEY (`id_usuario`) REFERENCES `usuarios` (`id`)
) ENGINE=InnoDB AUTO_INCREMENT=183 DEFAULT CHARSET=latin1;

-- Copiando dados para a tabela zig.vendas: ~124 rows (aproximadamente)
/*!40000 ALTER TABLE `vendas` DISABLE KEYS */;
INSERT INTO `vendas` (`id`, `id_usuario`, `id_meio_pagamento`, `id_empresa`, `id_produto`, `preco`, `quantidade`, `valor`, `data_compensacao`, `codigo_venda`, `created_at`, `updated_at`, `deleted_at`) VALUES
	(55, 76, 2, 1, 165, 20, 1, 20, '0000-00-00', NULL, '2021-12-02 16:27:37', '0000-00-00 00:00:00', NULL),
	(56, 75, 1, 1, 167, 20, 1, 20, '0000-00-00', NULL, '2021-12-02 18:31:48', '0000-00-00 00:00:00', NULL),
	(57, 75, 4, 1, 157, 39, 1, 39, '2021-12-03', NULL, '2021-12-03 15:13:54', '0000-00-00 00:00:00', NULL),
	(58, 75, 4, 1, 162, 10, 1, 10, '2021-12-03', NULL, '2021-12-03 15:13:54', '0000-00-00 00:00:00', NULL),
	(59, 76, 4, 1, 167, 20, 1, 20, '2021-12-03', NULL, '2021-12-03 15:22:17', '0000-00-00 00:00:00', NULL),
	(60, 75, 3, 1, 154, 20, 1, 20, '0000-00-00', NULL, '2021-12-03 16:49:45', '0000-00-00 00:00:00', NULL),
	(61, 75, 3, 1, 161, 10, 1, 10, '0000-00-00', NULL, '2021-12-03 16:49:45', '0000-00-00 00:00:00', NULL),
	(62, 76, 4, 1, 155, 21, 1, 21, '2021-12-02', NULL, '2021-12-03 16:53:03', '0000-00-00 00:00:00', NULL),
	(63, 76, 4, 1, 177, 16, 1, 16, '2021-12-02', NULL, '2021-12-03 16:53:03', '0000-00-00 00:00:00', NULL),
	(64, 75, 1, 1, 154, 20, 1, 20, '0000-00-00', NULL, '2021-12-03 18:16:40', '0000-00-00 00:00:00', NULL),
	(65, 75, 1, 1, 177, 16, 1, 16, '0000-00-00', NULL, '2021-12-03 18:16:40', '0000-00-00 00:00:00', NULL),
	(66, 75, 3, 1, 186, 30, 1, 30, '0000-00-00', NULL, '2021-12-03 18:21:04', '0000-00-00 00:00:00', NULL),
	(67, 75, 3, 1, 177, 16, 1, 16, '0000-00-00', NULL, '2021-12-03 18:21:04', '0000-00-00 00:00:00', NULL),
	(68, 75, 3, 1, 183, 23, 2, 46, '0000-00-00', NULL, '2021-12-03 18:21:26', '0000-00-00 00:00:00', NULL),
	(69, 76, 4, 1, 175, 30, 1, 30, '2021-12-04', NULL, '2021-12-04 17:20:23', '0000-00-00 00:00:00', NULL),
	(70, 76, 4, 1, 155, 21, 1, 21, '2021-12-04', NULL, '2021-12-04 17:20:23', '0000-00-00 00:00:00', NULL),
	(71, 76, 1, 1, 198, 8, 1, 8, '0000-00-00', NULL, '2021-12-04 19:26:48', '0000-00-00 00:00:00', NULL),
	(72, 75, 4, 1, 159, 41, 1, 41, '2021-12-06', NULL, '2021-12-06 16:56:40', '0000-00-00 00:00:00', NULL),
	(73, 75, 4, 1, 183, 23, 1, 23, '2021-12-06', NULL, '2021-12-06 16:56:40', '0000-00-00 00:00:00', NULL),
	(74, 76, 2, 1, 175, 30, 1, 30, '0000-00-00', NULL, '2021-12-06 20:06:24', '0000-00-00 00:00:00', NULL),
	(75, 1, 1, 1, 153, 19, 1, 19, '0000-00-00', NULL, '2021-12-06 21:45:34', '2021-12-06 21:45:34', '2021-12-06 21:45:34'),
	(76, 1, 1, 1, 153, 19, 1, 19, '0000-00-00', NULL, '2021-12-06 21:46:16', '2021-12-06 21:46:16', '2021-12-06 21:46:16'),
	(77, 1, 1, 1, 155, 21, 1, 21, '0000-00-00', NULL, '2021-12-06 21:47:48', '2021-12-06 21:47:48', '2021-12-06 21:47:48'),
	(78, 1, 1, 1, 153, 19, 1, 19, '0000-00-00', NULL, '2021-12-06 21:58:54', '2021-12-06 21:58:54', '2021-12-06 21:58:54'),
	(79, 75, 3, 1, 193, 14, 1, 14, '0000-00-00', NULL, '2021-12-07 14:07:33', '0000-00-00 00:00:00', NULL),
	(80, 75, 2, 1, 155, 21, 1, 21, '0000-00-00', NULL, '2021-12-07 16:09:47', '0000-00-00 00:00:00', NULL),
	(81, 75, 2, 1, 183, 23, 1, 23, '0000-00-00', NULL, '2021-12-07 16:09:47', '0000-00-00 00:00:00', NULL),
	(82, 75, 1, 1, 186, 30, 1, 30, '0000-00-00', NULL, '2021-12-07 17:23:28', '0000-00-00 00:00:00', NULL),
	(83, 75, 3, 1, 196, 15, 1, 15, '0000-00-00', NULL, '2021-12-07 17:23:58', '0000-00-00 00:00:00', NULL),
	(84, 76, 1, 1, 190, 13, 1, 13, '0000-00-00', NULL, '2021-12-08 16:36:56', '0000-00-00 00:00:00', NULL),
	(85, 75, 3, 1, 181, 12, 1, 12, '0000-00-00', NULL, '2021-12-08 17:09:30', '0000-00-00 00:00:00', NULL),
	(86, 76, 2, 1, 153, 19, 1, 19, '0000-00-00', NULL, '2021-12-08 18:07:01', '0000-00-00 00:00:00', NULL),
	(87, 75, 1, 1, 183, 23, 1, 23, '0000-00-00', NULL, '2021-12-09 14:35:07', '0000-00-00 00:00:00', NULL),
	(88, 75, 1, 1, 200, 17, 1, 17, '0000-00-00', NULL, '2021-12-09 14:35:07', '0000-00-00 00:00:00', NULL),
	(89, 75, 3, 1, 182, 13, 1, 13, '0000-00-00', NULL, '2021-12-09 14:54:44', '0000-00-00 00:00:00', NULL),
	(90, 75, 3, 1, 187, 20, 1, 20, '0000-00-00', NULL, '2021-12-09 14:54:44', '0000-00-00 00:00:00', NULL),
	(91, 76, 1, 1, 154, 20, 1, 20, '0000-00-00', NULL, '2021-12-09 16:32:24', '0000-00-00 00:00:00', NULL),
	(92, 76, 1, 1, 177, 16, 1, 16, '0000-00-00', NULL, '2021-12-09 16:32:24', '0000-00-00 00:00:00', NULL),
	(93, 76, 4, 1, 202, 16, 1, 16, '2021-12-09', NULL, '2021-12-09 16:39:12', '0000-00-00 00:00:00', NULL),
	(94, 76, 3, 1, 196, 15, 1, 15, '0000-00-00', NULL, '2021-12-09 16:45:59', '0000-00-00 00:00:00', NULL),
	(95, 76, 1, 1, 199, 20, 1, 20, '0000-00-00', NULL, '2021-12-09 16:46:18', '0000-00-00 00:00:00', NULL),
	(96, 75, 2, 1, 192, 14, 1, 14, '0000-00-00', NULL, '2021-12-10 14:06:58', '0000-00-00 00:00:00', NULL),
	(97, 76, 2, 1, 192, 14, 1, 14, '0000-00-00', NULL, '2021-12-10 17:35:00', '0000-00-00 00:00:00', NULL),
	(98, 76, 1, 1, 154, 20, 1, 20, '0000-00-00', NULL, '2021-12-10 17:35:27', '0000-00-00 00:00:00', NULL),
	(99, 76, 1, 1, 193, 14, 1, 14, '0000-00-00', NULL, '2021-12-10 17:36:54', '0000-00-00 00:00:00', NULL),
	(100, 76, 4, 1, 201, 14, 1, 14, '2021-12-11', NULL, '2021-12-11 10:38:32', '0000-00-00 00:00:00', NULL),
	(101, 76, 4, 1, 153, 19, 1, 19, '2021-12-11', NULL, '2021-12-11 10:38:58', '0000-00-00 00:00:00', NULL),
	(102, 76, 4, 1, 183, 23, 1, 23, '2021-12-15', NULL, '2021-12-15 10:21:28', '0000-00-00 00:00:00', NULL),
	(103, 76, 1, 1, 190, 13, 1, 13, '0000-00-00', NULL, '2021-12-15 10:21:50', '0000-00-00 00:00:00', NULL),
	(104, 75, 1, 1, 183, 23, 1, 23, '0000-00-00', NULL, '2021-12-15 10:27:46', '0000-00-00 00:00:00', NULL),
	(105, 75, 1, 1, 161, 10, 1, 10, '0000-00-00', NULL, '2021-12-15 10:27:46', '0000-00-00 00:00:00', NULL),
	(106, 75, 1, 1, 202, 16, 1, 16, '0000-00-00', NULL, '2021-12-15 10:27:46', '0000-00-00 00:00:00', NULL),
	(107, 76, 2, 1, 183, 23, 1, 23, '0000-00-00', NULL, '2021-12-15 15:51:21', '0000-00-00 00:00:00', NULL),
	(108, 76, 2, 1, 154, 20, 1, 20, '0000-00-00', NULL, '2021-12-15 15:51:21', '0000-00-00 00:00:00', NULL),
	(109, 76, 3, 1, 154, 20, 1, 20, '0000-00-00', NULL, '2021-12-15 16:30:22', '0000-00-00 00:00:00', NULL),
	(110, 76, 3, 1, 162, 10, 1, 10, '0000-00-00', NULL, '2021-12-15 16:30:22', '0000-00-00 00:00:00', NULL),
	(111, 76, 1, 1, 196, 15, 1, 15, '0000-00-00', NULL, '2021-12-15 17:09:23', '0000-00-00 00:00:00', NULL),
	(112, 76, 1, 1, 194, 14, 1, 14, '0000-00-00', NULL, '2021-12-15 17:09:23', '0000-00-00 00:00:00', NULL),
	(113, 75, 3, 1, 158, 40, 1, 40, '0000-00-00', NULL, '2021-12-15 18:30:16', '0000-00-00 00:00:00', NULL),
	(114, 75, 3, 1, 203, 20, 1, 20, '0000-00-00', NULL, '2021-12-15 18:35:36', '0000-00-00 00:00:00', NULL),
	(115, 76, 1, 1, 204, 30, 1, 30, '0000-00-00', NULL, '2021-12-15 19:04:07', '0000-00-00 00:00:00', NULL),
	(116, 76, 2, 1, 203, 20, 1, 20, '0000-00-00', NULL, '2021-12-16 15:06:55', '0000-00-00 00:00:00', NULL),
	(117, 75, 3, 1, 183, 23, 1, 23, '0000-00-00', NULL, '2021-12-16 19:23:48', '0000-00-00 00:00:00', NULL),
	(118, 75, 3, 1, 196, 15, 1, 15, '0000-00-00', NULL, '2021-12-16 19:23:48', '0000-00-00 00:00:00', NULL),
	(119, 75, 3, 1, 197, 15, 1, 15, '0000-00-00', NULL, '2021-12-16 19:23:48', '0000-00-00 00:00:00', NULL),
	(120, 75, 3, 1, 154, 20, 1, 20, '0000-00-00', NULL, '2021-12-17 16:59:20', '0000-00-00 00:00:00', NULL),
	(121, 75, 2, 1, 177, 16, 1, 16, '0000-00-00', NULL, '2021-12-17 17:24:04', '0000-00-00 00:00:00', NULL),
	(122, 75, 4, 1, 177, 16, 1, 16, '2021-12-18', NULL, '2021-12-18 09:38:35', '0000-00-00 00:00:00', NULL),
	(123, 76, 4, 1, 157, 39, 1, 39, '2021-12-18', NULL, '2021-12-18 10:16:01', '0000-00-00 00:00:00', NULL),
	(124, 76, 1, 1, 183, 23, 1, 23, '0000-00-00', NULL, '2021-12-18 10:16:25', '0000-00-00 00:00:00', NULL),
	(125, 76, 3, 1, 168, 30, 1, 30, '0000-00-00', NULL, '2021-12-20 18:09:43', '0000-00-00 00:00:00', NULL),
	(126, 76, 3, 1, 190, 13, 1, 13, '0000-00-00', NULL, '2021-12-20 18:09:43', '0000-00-00 00:00:00', NULL),
	(127, 76, 1, 1, 186, 30, 1, 30, '0000-00-00', NULL, '2021-12-20 18:10:57', '2021-12-20 18:10:57', '2021-12-20 18:10:57'),
	(128, 76, 1, 1, 199, 20, 1, 20, '0000-00-00', NULL, '2021-12-20 18:11:06', '2021-12-20 18:11:06', '2021-12-20 18:11:06'),
	(129, 76, 2, 1, 186, 30, 1, 30, '0000-00-00', NULL, '2021-12-20 18:11:49', '0000-00-00 00:00:00', NULL),
	(130, 76, 2, 1, 199, 20, 1, 20, '0000-00-00', NULL, '2021-12-20 18:11:49', '0000-00-00 00:00:00', NULL),
	(131, 75, 1, 1, 177, 16, 2, 32, '0000-00-00', NULL, '2021-12-20 19:00:20', '0000-00-00 00:00:00', NULL),
	(132, 75, 1, 1, 183, 23, 1, 23, '0000-00-00', NULL, '2021-12-20 19:00:20', '0000-00-00 00:00:00', NULL),
	(133, 75, 1, 1, 200, 17, 1, 17, '0000-00-00', NULL, '2021-12-20 19:00:20', '0000-00-00 00:00:00', NULL),
	(134, 75, 3, 1, 154, 20, 1, 20, '0000-00-00', NULL, '2021-12-21 17:53:48', '0000-00-00 00:00:00', NULL),
	(135, 76, 4, 1, 202, 16, 1, 16, '2021-12-21', NULL, '2021-12-21 18:45:45', '0000-00-00 00:00:00', NULL),
	(136, 76, 4, 1, 160, 42, 1, 42, '2021-12-22', NULL, '2021-12-22 15:48:23', '0000-00-00 00:00:00', NULL),
	(137, 76, 4, 1, 183, 23, 1, 23, '2021-12-22', NULL, '2021-12-22 15:48:23', '0000-00-00 00:00:00', NULL),
	(138, 76, 4, 1, 179, 15, 1, 15, '2021-12-22', NULL, '2021-12-22 15:48:23', '0000-00-00 00:00:00', NULL),
	(139, 76, 1, 1, 172, 30, 1, 30, '0000-00-00', NULL, '2021-12-22 17:59:26', '0000-00-00 00:00:00', NULL),
	(140, 76, 1, 1, 154, 20, 1, 20, '0000-00-00', NULL, '2021-12-22 17:59:26', '0000-00-00 00:00:00', NULL),
	(141, 76, 4, 1, 172, 30, 1, 30, '2021-12-22', NULL, '2021-12-22 17:59:48', '0000-00-00 00:00:00', NULL),
	(142, 75, 2, 1, 183, 23, 1, 23, '0000-00-00', NULL, '2021-12-23 09:01:32', '0000-00-00 00:00:00', NULL),
	(143, 76, 4, 1, 153, 19, 1, 19, '2021-12-23', NULL, '2021-12-23 12:57:09', '0000-00-00 00:00:00', NULL),
	(144, 76, 4, 1, 196, 15, 1, 15, '2021-12-23', NULL, '2021-12-23 12:57:09', '0000-00-00 00:00:00', NULL),
	(145, 76, 1, 1, 202, 16, 1, 16, '0000-00-00', NULL, '2021-12-23 13:04:08', '0000-00-00 00:00:00', NULL),
	(146, 76, 1, 1, 154, 20, 1, 20, '0000-00-00', NULL, '2021-12-23 13:04:08', '0000-00-00 00:00:00', NULL),
	(147, 76, 1, 1, 197, 15, 1, 15, '0000-00-00', NULL, '2021-12-23 13:31:40', '0000-00-00 00:00:00', NULL),
	(148, 1, 5, 1, 153, 19, 1, 19, '0000-00-00', '210909523861ca15c553a1f7.378679403727.12.2021', '2021-12-27 16:36:52', '2021-12-27 16:36:52', '2021-12-27 16:36:52'),
	(149, 76, 1, 1, 154, 20, 1, 20, '0000-00-00', '133496717761d49a999e6dd8.040458820104.01.2022', '2022-01-04 16:06:01', '0000-00-00 00:00:00', NULL),
	(150, 76, 1, 1, 205, 15, 1, 15, '0000-00-00', '133496717761d49a999e6dd8.040458820104.01.2022', '2022-01-04 16:06:01', '0000-00-00 00:00:00', NULL),
	(151, 76, 1, 1, 158, 40, 1, 40, '0000-00-00', '116550752361d49b9aebe147.065496501804.01.2022', '2022-01-04 16:10:18', '0000-00-00 00:00:00', NULL),
	(152, 76, 1, 1, 201, 14, 1, 14, '0000-00-00', '116550752361d49b9aebe147.065496501804.01.2022', '2022-01-04 16:10:18', '0000-00-00 00:00:00', NULL),
	(153, 76, 1, 1, 154, 20, 1, 20, '0000-00-00', '88568406761d49ba81d12d9.815900243204.01.2022', '2022-01-04 16:10:32', '0000-00-00 00:00:00', NULL),
	(154, 76, 5, 1, 171, 30, 1, 30, '0000-00-00', '27582096261d756dd46ef96.492989264906.01.2022', '2022-01-06 17:53:49', '0000-00-00 00:00:00', NULL),
	(155, 76, 5, 1, 186, 35, 1, 35, '0000-00-00', '27582096261d756dd46ef96.492989264906.01.2022', '2022-01-06 17:53:49', '0000-00-00 00:00:00', NULL),
	(156, 76, 5, 1, 154, 20, 1, 20, '0000-00-00', '27582096261d756dd46ef96.492989264906.01.2022', '2022-01-06 17:53:49', '0000-00-00 00:00:00', NULL),
	(157, 76, 5, 1, 158, 40, 1, 40, '0000-00-00', '64965248061d756f9b22826.089422891706.01.2022', '2022-01-06 17:54:17', '0000-00-00 00:00:00', NULL),
	(158, 76, 1, 1, 162, 10, 1, 10, '0000-00-00', '124180367761d757273018d2.384886770306.01.2022', '2022-01-06 17:55:03', '0000-00-00 00:00:00', NULL),
	(159, 76, 5, 1, 191, 13, 1, 13, '0000-00-00', '163554495561d77596235998.478298155406.01.2022', '2022-01-06 20:04:54', '0000-00-00 00:00:00', NULL),
	(160, 76, 1, 1, 154, 20, 1, 20, '0000-00-00', '91602870961d775ce81cd36.816098285006.01.2022', '2022-01-06 20:05:50', '0000-00-00 00:00:00', NULL),
	(161, 76, 5, 1, 155, 21, 1, 21, '0000-00-00', '6619991361d89a98b98720.685125380407.01.2022', '2022-01-07 16:55:04', '0000-00-00 00:00:00', NULL),
	(162, 76, 5, 1, 192, 14, 1, 14, '0000-00-00', '6619991361d89a98b98720.685125380407.01.2022', '2022-01-07 16:55:04', '0000-00-00 00:00:00', NULL),
	(163, 75, 1, 1, 154, 20, 1, 20, '0000-00-00', '159969648361d9960c2c9677.747063705608.01.2022', '2022-01-08 10:47:56', '0000-00-00 00:00:00', NULL),
	(164, 75, 1, 1, 177, 16, 1, 16, '0000-00-00', '159969648361d9960c2c9677.747063705608.01.2022', '2022-01-08 10:47:56', '0000-00-00 00:00:00', NULL),
	(165, 75, 1, 1, 201, 14, 1, 14, '0000-00-00', '159969648361d9960c2c9677.747063705608.01.2022', '2022-01-08 10:47:56', '0000-00-00 00:00:00', NULL),
	(166, 75, 5, 1, 191, 13, 1, 13, '0000-00-00', '1288793361d9b0bb462920.970239974708.01.2022', '2022-01-08 12:41:47', '0000-00-00 00:00:00', NULL),
	(167, 75, 5, 1, 159, 41, 1, 41, '0000-00-00', '152253729161dc77c0261f72.826130852810.01.2022', '2022-01-10 15:15:28', '0000-00-00 00:00:00', NULL),
	(168, 76, 5, 1, 191, 13, 1, 13, '0000-00-00', '162931203761ddab823af7f8.515972303411.01.2022', '2022-01-11 13:08:34', '0000-00-00 00:00:00', NULL),
	(169, 76, 5, 1, 166, 20, 1, 20, '0000-00-00', '162931203761ddab823af7f8.515972303411.01.2022', '2022-01-11 13:08:34', '0000-00-00 00:00:00', NULL),
	(170, 76, 5, 1, 206, 22, 1, 22, '0000-00-00', '162931203761ddab823af7f8.515972303411.01.2022', '2022-01-11 13:08:34', '0000-00-00 00:00:00', NULL),
	(171, 75, 5, 1, 154, 20, 1, 20, '0000-00-00', '143137653861ddc7efe9e6a0.417888505111.01.2022', '2022-01-11 15:09:51', '0000-00-00 00:00:00', NULL),
	(172, 75, 5, 1, 206, 22, 1, 22, '0000-00-00', '143137653861ddc7efe9e6a0.417888505111.01.2022', '2022-01-11 15:09:51', '0000-00-00 00:00:00', NULL),
	(173, 76, 1, 1, 177, 16, 1, 16, '0000-00-00', '8643484061ddd69230b864.178638711811.01.2022', '2022-01-11 16:12:18', '0000-00-00 00:00:00', NULL),
	(174, 75, 5, 1, 186, 35, 1, 35, '0000-00-00', '177345068061df1ea530ac26.653105500512.01.2022', '2022-01-12 15:32:05', '0000-00-00 00:00:00', NULL),
	(175, 75, 1, 1, 155, 21, 1, 21, '0000-00-00', '113777316861df1ed81047e9.820673965612.01.2022', '2022-01-12 15:32:56', '0000-00-00 00:00:00', NULL),
	(176, 75, 1, 1, 155, 21, 1, 21, '0000-00-00', '145409403161df3f17e78950.952412543112.01.2022', '2022-01-12 17:50:31', '0000-00-00 00:00:00', NULL),
	(177, 76, 1, 1, 154, 20, 1, 20, '0000-00-00', '169202043661df40ec938ee0.273431002012.01.2022', '2022-01-12 17:58:20', '0000-00-00 00:00:00', NULL),
	(178, 76, 1, 1, 206, 22, 1, 22, '0000-00-00', '169202043661df40ec938ee0.273431002012.01.2022', '2022-01-12 17:58:20', '0000-00-00 00:00:00', NULL),
	(179, 1, 1, 1, NULL, 0, NULL, 10, NULL, NULL, '2022-01-13 20:22:46', '0000-00-00 00:00:00', NULL),
	(180, 1, 5, 1, 153, 19, 1, 19, '0000-00-00', '128763984761f5d132923460.307625414629.01.2022', '2022-01-29 20:43:46', '0000-00-00 00:00:00', NULL),
	(181, 1, 5, 1, 155, 21, 1, 21, '0000-00-00', '128763984761f5d132923460.307625414629.01.2022', '2022-01-29 20:43:46', '0000-00-00 00:00:00', NULL),
	(182, 1, 5, 1, 161, 10, 1, 10, '0000-00-00', '128763984761f5d132923460.307625414629.01.2022', '2022-01-29 20:43:46', '0000-00-00 00:00:00', NULL);
/*!40000 ALTER TABLE `vendas` ENABLE KEYS */;

/*!40101 SET SQL_MODE=IFNULL(@OLD_SQL_MODE, '') */;
/*!40014 SET FOREIGN_KEY_CHECKS=IFNULL(@OLD_FOREIGN_KEY_CHECKS, 1) */;
/*!40101 SET CHARACTER_SET_CLIENT=@OLD_CHARACTER_SET_CLIENT */;
/*!40111 SET SQL_NOTES=IFNULL(@OLD_SQL_NOTES, 1) */;
