-- --------------------------------------------------------
-- Servidor:                     localhost
-- Versão do servidor:           8.0.21 - MySQL Community Server - GPL
-- OS do Servidor:               Win64
-- HeidiSQL Versão:              11.2.0.6213
-- --------------------------------------------------------

/*!40101 SET @OLD_CHARACTER_SET_CLIENT=@@CHARACTER_SET_CLIENT */;
/*!40101 SET NAMES utf8 */;
/*!50503 SET NAMES utf8mb4 */;
/*!40014 SET @OLD_FOREIGN_KEY_CHECKS=@@FOREIGN_KEY_CHECKS, FOREIGN_KEY_CHECKS=0 */;
/*!40101 SET @OLD_SQL_MODE=@@SQL_MODE, SQL_MODE='NO_AUTO_VALUE_ON_ZERO' */;
/*!40111 SET @OLD_SQL_NOTES=@@SQL_NOTES, SQL_NOTES=0 */;


-- Copiando estrutura do banco de dados para zig
CREATE DATABASE IF NOT EXISTS `zig` /*!40100 DEFAULT CHARACTER SET utf8mb4 COLLATE utf8mb4_0900_general_ci */ /*!80016 DEFAULT ENCRYPTION='N' */;
USE `zig`;

-- Copiando estrutura para tabela zig.clientes
CREATE TABLE IF NOT EXISTS `clientes` (
  `id` int NOT NULL AUTO_INCREMENT,
  `id_empresa` int NOT NULL,
  `id_cliente_tipo` int NOT NULL,
  `id_cliente_segmento` int DEFAULT NULL,
  `nome` varchar(50) NOT NULL,
  `email` varchar(50) NOT NULL,
  `cnpj` varchar(50) DEFAULT NULL,
  `cpf` varchar(50) DEFAULT NULL,
  `telefone` varchar(50) DEFAULT NULL,
  `celular` varchar(50) DEFAULT NULL,
  `created_at` timestamp NOT NULL DEFAULT CURRENT_TIMESTAMP ON UPDATE CURRENT_TIMESTAMP,
  `updated_at` timestamp NOT NULL DEFAULT '0000-00-00 00:00:00',
  `deleted_at` timestamp NULL DEFAULT NULL,
  PRIMARY KEY (`id`),
  KEY `FK_clientes_tipos_clientes` (`id_cliente_tipo`),
  KEY `FK_clientes_clientes_segmentos` (`id_cliente_segmento`),
  KEY `FK_clientes_empresas` (`id_empresa`),
  CONSTRAINT `FK_clientes_clientes_segmentos` FOREIGN KEY (`id_cliente_segmento`) REFERENCES `clientes_segmentos` (`id`),
  CONSTRAINT `FK_clientes_empresas` FOREIGN KEY (`id_empresa`) REFERENCES `empresas` (`id`),
  CONSTRAINT `FK_clientes_tipos_clientes` FOREIGN KEY (`id_cliente_tipo`) REFERENCES `clientes_tipos` (`id`)
) ENGINE=InnoDB AUTO_INCREMENT=29 DEFAULT CHARSET=latin1;

-- Copiando dados para a tabela zig.clientes: ~4 rows (aproximadamente)
/*!40000 ALTER TABLE `clientes` DISABLE KEYS */;
INSERT INTO `clientes` (`id`, `id_empresa`, `id_cliente_tipo`, `id_cliente_segmento`, `nome`, `email`, `cnpj`, `cpf`, `telefone`, `celular`, `created_at`, `updated_at`, `deleted_at`) VALUES
	(25, 1, 1, 53, 'Teste', 'teste@gmail.com', NULL, '039.043.055-22', '(71) 8360-4833', '(71) 98318-6845', '2021-01-14 23:22:04', '2021-01-14 23:20:46', NULL),
	(26, 4, 2, 4, 'Jocemar D. bBRAATZ pA', 'contato@maximoppi.com.br', '23.478.848/0001-26', '', '', '', '2020-12-09 14:19:02', '2020-12-09 14:19:02', NULL),
	(27, 1, 1, 9, 'Jujubas', 'jujubas@gmail.com', '', '058.115.185-28', '', '', '2021-01-11 19:34:12', '2021-01-11 19:34:12', NULL),
	(28, 1, 1, 6, 'Matrix', 'matrix@gmail.com', '', '666.708.289-77', '', '', '2021-01-15 17:20:31', '2021-01-15 17:20:31', NULL);
/*!40000 ALTER TABLE `clientes` ENABLE KEYS */;

-- Copiando estrutura para tabela zig.clientes_enderecos
CREATE TABLE IF NOT EXISTS `clientes_enderecos` (
  `id` int NOT NULL AUTO_INCREMENT,
  `id_empresa` int NOT NULL DEFAULT '0',
  `id_cliente` int NOT NULL DEFAULT '0',
  `cep` varchar(50) DEFAULT NULL,
  `endereco` varchar(50) NOT NULL,
  `bairro` varchar(50) NOT NULL,
  `cidade` varchar(50) DEFAULT NULL,
  `estado` varchar(50) DEFAULT NULL,
  `numero` int DEFAULT NULL,
  `complemento` text,
  `created_at` timestamp NOT NULL DEFAULT CURRENT_TIMESTAMP ON UPDATE CURRENT_TIMESTAMP,
  `updated_at` timestamp NOT NULL DEFAULT '0000-00-00 00:00:00',
  PRIMARY KEY (`id`),
  KEY `FK_clientes_enderecos_empresas` (`id_empresa`),
  KEY `FK_clientes_enderecos_clientes` (`id_cliente`),
  CONSTRAINT `FK_clientes_enderecos_clientes` FOREIGN KEY (`id_cliente`) REFERENCES `clientes` (`id`),
  CONSTRAINT `FK_clientes_enderecos_empresas` FOREIGN KEY (`id_empresa`) REFERENCES `empresas` (`id`)
) ENGINE=InnoDB AUTO_INCREMENT=31 DEFAULT CHARSET=latin1;

-- Copiando dados para a tabela zig.clientes_enderecos: ~3 rows (aproximadamente)
/*!40000 ALTER TABLE `clientes_enderecos` DISABLE KEYS */;
INSERT INTO `clientes_enderecos` (`id`, `id_empresa`, `id_cliente`, `cep`, `endereco`, `bairro`, `cidade`, `estado`, `numero`, `complemento`, `created_at`, `updated_at`) VALUES
	(28, 4, 26, '89.215-200', 'Estrada Lagoinha', 'Morro do Meio', 'Joinville', 'SC', 1394, '', '2020-12-09 14:20:23', '2020-12-09 14:20:23'),
	(29, 1, 25, '41.927-210', '2ª Travessa São Benedito', 'Santa Cruz', 'Salvador', 'BA', 14, 'Casa', '2021-01-09 10:49:45', '2021-01-09 10:49:45'),
	(30, 1, 27, '41.927-210', '2ª Travessa São Benedito', 'Santa Cruz', 'Salvador', 'BA', 14, 'jjjj', '2021-01-15 17:35:14', '2021-01-15 17:35:14');
/*!40000 ALTER TABLE `clientes_enderecos` ENABLE KEYS */;

-- Copiando estrutura para tabela zig.clientes_segmentos
CREATE TABLE IF NOT EXISTS `clientes_segmentos` (
  `id` int NOT NULL AUTO_INCREMENT,
  `descricao` varchar(50) NOT NULL,
  `created_at` timestamp NOT NULL DEFAULT CURRENT_TIMESTAMP ON UPDATE CURRENT_TIMESTAMP,
  `updated_at` timestamp NOT NULL DEFAULT '0000-00-00 00:00:00',
  PRIMARY KEY (`id`)
) ENGINE=InnoDB AUTO_INCREMENT=128 DEFAULT CHARSET=latin1;

-- Copiando dados para a tabela zig.clientes_segmentos: ~127 rows (aproximadamente)
/*!40000 ALTER TABLE `clientes_segmentos` DISABLE KEYS */;
INSERT INTO `clientes_segmentos` (`id`, `descricao`, `created_at`, `updated_at`) VALUES
	(1, 'Restaurante', '0000-00-00 00:00:00', '0000-00-00 00:00:00'),
	(2, 'Hamburgueria', '2020-05-28 10:28:08', '2020-05-28 10:28:09'),
	(3, 'Pizzaria', '2020-05-28 10:28:52', '2020-05-28 10:28:53'),
	(4, 'Outros...', '2020-06-02 00:00:26', '2020-06-02 00:00:27'),
	(5, 'Arte e Antiguidades', '2021-01-11 16:10:15', '0000-00-00 00:00:00'),
	(6, 'Artigos Religiosos', '2021-01-11 16:10:15', '0000-00-00 00:00:00'),
	(7, 'Assinaturas e Revistas', '2021-01-11 16:10:15', '0000-00-00 00:00:00'),
	(8, 'Automóveis e Veículos', '2021-01-11 16:10:15', '0000-00-00 00:00:00'),
	(9, 'Bebês e Cia', '2021-01-11 16:10:15', '0000-00-00 00:00:00'),
	(10, 'Blu-Ray', '2021-01-11 16:10:15', '0000-00-00 00:00:00'),
	(11, 'Brindes / Materiais Promocionais', '2021-01-11 16:10:15', '0000-00-00 00:00:00'),
	(12, 'Brinquedos e Games', '2021-01-11 16:10:15', '0000-00-00 00:00:00'),
	(13, 'Casa e Decoração', '2021-01-11 16:10:15', '0000-00-00 00:00:00'),
	(14, 'CDs', '2021-01-11 16:10:15', '0000-00-00 00:00:00'),
	(15, 'Colecionáveis', '2021-01-11 16:10:15', '0000-00-00 00:00:00'),
	(16, 'Compras Coletivas', '2021-01-11 16:10:15', '0000-00-00 00:00:00'),
	(17, 'Construção e Ferramentas', '2021-01-11 16:10:15', '0000-00-00 00:00:00'),
	(18, 'Cosméticos e Perfumaria', '2021-01-11 16:10:15', '0000-00-00 00:00:00'),
	(19, 'Cursos e Educação', '2021-01-11 16:10:15', '0000-00-00 00:00:00'),
	(20, 'Discos de Vinil', '2021-01-11 16:10:15', '0000-00-00 00:00:00'),
	(21, 'DVDs', '2021-01-11 16:10:15', '0000-00-00 00:00:00'),
	(22, 'Eletrodomésticos', '2021-01-11 16:10:15', '0000-00-00 00:00:00'),
	(23, 'Eletrônicos', '2021-01-11 16:10:15', '0000-00-00 00:00:00'),
	(24, 'Emissoras de Rádio', '2021-01-11 16:10:15', '0000-00-00 00:00:00'),
	(25, 'Emissoras de Televisão', '2021-01-11 16:10:15', '0000-00-00 00:00:00'),
	(26, 'Empregos', '2021-01-11 16:10:15', '0000-00-00 00:00:00'),
	(27, 'Empresas de Telemarketing', '2021-01-11 16:10:15', '0000-00-00 00:00:00'),
	(28, 'Esporte e Lazer', '2021-01-11 16:10:15', '0000-00-00 00:00:00'),
	(29, 'Fitas K7 Gravadas', '2021-01-11 16:10:15', '0000-00-00 00:00:00'),
	(30, 'Flores, Cestas e Presentes', '2021-01-11 16:10:15', '0000-00-00 00:00:00'),
	(31, 'Fotografia', '2021-01-11 16:10:15', '0000-00-00 00:00:00'),
	(32, 'HD-DVD', '2021-01-11 16:10:15', '0000-00-00 00:00:00'),
	(33, 'Igrejas / Templos / Instituições Religiosas', '2021-01-11 16:10:15', '0000-00-00 00:00:00'),
	(34, 'Indústria, Comércio e Negócios', '2021-01-11 16:10:15', '0000-00-00 00:00:00'),
	(35, 'Infláveis Promocionais', '2021-01-11 16:10:15', '0000-00-00 00:00:00'),
	(36, 'Informática', '2021-01-11 16:10:15', '0000-00-00 00:00:00'),
	(37, 'Ingressos', '2021-01-11 16:10:15', '0000-00-00 00:00:00'),
	(38, 'Instrumentos Musicais', '2021-01-11 16:10:15', '0000-00-00 00:00:00'),
	(39, 'Joalheria', '2021-01-11 16:10:15', '0000-00-00 00:00:00'),
	(40, 'Lazer', '2021-01-11 16:10:15', '0000-00-00 00:00:00'),
	(41, 'LD', '2021-01-11 16:10:15', '0000-00-00 00:00:00'),
	(42, 'Livros', '2021-01-11 16:10:15', '0000-00-00 00:00:00'),
	(43, 'MD', '2021-01-11 16:10:15', '0000-00-00 00:00:00'),
	(44, 'Moda e Acessórios', '2021-01-11 16:10:15', '0000-00-00 00:00:00'),
	(45, 'Motéis', '2021-01-11 16:10:15', '0000-00-00 00:00:00'),
	(46, 'Música Digital', '2021-01-11 16:10:15', '0000-00-00 00:00:00'),
	(47, 'Natal', '2021-01-11 16:10:15', '0000-00-00 00:00:00'),
	(48, 'Negócios e Oportunidades', '2021-01-11 16:10:15', '0000-00-00 00:00:00'),
	(49, 'Outros Serviços', '2021-01-11 16:10:15', '0000-00-00 00:00:00'),
	(50, 'Outros Serviços de Avaliação', '2021-01-11 16:10:15', '0000-00-00 00:00:00'),
	(51, 'Papelaria e Escritório', '2021-01-11 16:10:15', '0000-00-00 00:00:00'),
	(52, 'Páscoa', '2021-01-11 16:10:15', '0000-00-00 00:00:00'),
	(53, 'Pet Shop', '2021-01-11 16:10:15', '0000-00-00 00:00:00'),
	(54, 'Saúde', '2021-01-11 16:10:15', '0000-00-00 00:00:00'),
	(55, 'Serviço Advocaticios', '2021-01-11 16:10:15', '0000-00-00 00:00:00'),
	(56, 'Serviço de Distribuição de Jornais / Revistas', '2021-01-11 16:10:15', '0000-00-00 00:00:00'),
	(57, 'Serviços Administrativos', '2021-01-11 16:10:15', '0000-00-00 00:00:00'),
	(58, 'Serviços Artísticos', '2021-01-11 16:10:15', '0000-00-00 00:00:00'),
	(59, 'Serviços de Abatedouros / Matadouros', '2021-01-11 16:10:15', '0000-00-00 00:00:00'),
	(60, 'Serviços de Aeroportos', '2021-01-11 16:10:15', '0000-00-00 00:00:00'),
	(61, 'Serviços de Agências', '2021-01-11 16:10:15', '0000-00-00 00:00:00'),
	(62, 'Serviços de Aluguel / Locação', '2021-01-11 16:10:15', '0000-00-00 00:00:00'),
	(63, 'Serviços de Armazenagem', '2021-01-11 16:10:15', '0000-00-00 00:00:00'),
	(64, 'Serviços de Assessorias', '2021-01-11 16:10:15', '0000-00-00 00:00:00'),
	(65, 'Serviços de Assistência Técnica / Instalações ', '2021-01-11 16:10:15', '0000-00-00 00:00:00'),
	(66, 'Serviços de Associações', '2021-01-11 16:10:15', '0000-00-00 00:00:00'),
	(67, 'Serviços de Bancos de Sangue', '2021-01-11 16:10:15', '0000-00-00 00:00:00'),
	(68, 'Serviços de Bibliotecas', '2021-01-11 16:10:15', '0000-00-00 00:00:00'),
	(69, 'Serviços de Cartórios', '2021-01-11 16:10:15', '0000-00-00 00:00:00'),
	(70, 'Serviços de Casas Lotéricas', '2021-01-11 16:10:15', '0000-00-00 00:00:00'),
	(71, 'Serviços de Confecções', '2021-01-11 16:10:15', '0000-00-00 00:00:00'),
	(72, 'Serviços de Consórcios', '2021-01-11 16:10:15', '0000-00-00 00:00:00'),
	(73, 'Serviços de Consultorias', '2021-01-11 16:10:15', '0000-00-00 00:00:00'),
	(74, 'Serviços de Cooperativas', '2021-01-11 16:10:15', '0000-00-00 00:00:00'),
	(75, 'Serviços de Despachante', '2021-01-11 16:10:15', '0000-00-00 00:00:00'),
	(76, 'Serviços de Engenharia', '2021-01-11 16:10:15', '0000-00-00 00:00:00'),
	(77, 'Serviços de Estacionamentos', '2021-01-11 16:10:15', '0000-00-00 00:00:00'),
	(78, 'Serviços de Estaleiros', '2021-01-11 16:10:15', '0000-00-00 00:00:00'),
	(79, 'Serviços de Exportação / Importação', '2021-01-11 16:10:15', '0000-00-00 00:00:00'),
	(80, 'Serviços de Geólogos', '2021-01-11 16:10:15', '0000-00-00 00:00:00'),
	(81, 'Serviços de joalheiros', '2021-01-11 16:10:15', '0000-00-00 00:00:00'),
	(82, 'Serviços de Leiloeiros', '2021-01-11 16:10:15', '0000-00-00 00:00:00'),
	(83, 'Serviços de limpeza', '2021-01-11 16:10:15', '0000-00-00 00:00:00'),
	(84, 'Serviços de Loja de Conveniência', '2021-01-11 16:10:15', '0000-00-00 00:00:00'),
	(85, 'Serviços de Mão de Obra', '2021-01-11 16:10:15', '0000-00-00 00:00:00'),
	(86, 'Serviços de Órgão Públicos', '2021-01-11 16:10:15', '0000-00-00 00:00:00'),
	(87, 'Serviços de Pesquisas', '2021-01-11 16:10:15', '0000-00-00 00:00:00'),
	(88, 'Serviços de Portos', '2021-01-11 16:10:15', '0000-00-00 00:00:00'),
	(89, 'Serviços de Saúde / Bem Estar', '2021-01-11 16:10:15', '0000-00-00 00:00:00'),
	(90, 'Serviços de Seguradoras', '2021-01-11 16:10:15', '0000-00-00 00:00:00'),
	(91, 'Serviços de Segurança', '2021-01-11 16:10:15', '0000-00-00 00:00:00'),
	(92, 'Serviços de Sinalização', '2021-01-11 16:10:15', '0000-00-00 00:00:00'),
	(93, 'Serviços de Sindicatos / Federações', '2021-01-11 16:10:15', '0000-00-00 00:00:00'),
	(94, 'Serviços de Traduções', '2021-01-11 16:10:15', '0000-00-00 00:00:00'),
	(95, 'Serviços de Transporte', '2021-01-11 16:10:15', '0000-00-00 00:00:00'),
	(96, 'Serviços de Utilidade Pública', '2021-01-11 16:10:15', '0000-00-00 00:00:00'),
	(97, 'Serviços em Agricultura / Pecuária / Piscicultura', '2021-01-11 16:10:15', '0000-00-00 00:00:00'),
	(98, 'Serviços em Alimentação', '2021-01-11 16:10:15', '0000-00-00 00:00:00'),
	(99, 'Serviços em Arte', '2021-01-11 16:10:15', '0000-00-00 00:00:00'),
	(100, 'Serviços em Cine / Foto / Som', '2021-01-11 16:10:15', '0000-00-00 00:00:00'),
	(101, 'Serviços em Comunicação', '2021-01-11 16:10:15', '0000-00-00 00:00:00'),
	(102, 'Serviços em Construção', '2021-01-11 16:10:15', '0000-00-00 00:00:00'),
	(103, 'Serviços em Ecologia / Meio Ambiente', '2021-01-11 16:10:15', '0000-00-00 00:00:00'),
	(104, 'Serviços em Eletroeletrônica / Metal Mecânica', '2021-01-11 16:10:15', '0000-00-00 00:00:00'),
	(105, 'Serviços em Festas / Eventos', '2021-01-11 16:10:15', '0000-00-00 00:00:00'),
	(106, 'Serviços em Informática', '2021-01-11 16:10:15', '0000-00-00 00:00:00'),
	(107, 'Serviços em Internet', '2021-01-11 16:10:15', '0000-00-00 00:00:00'),
	(108, 'Serviços em Jóias / Relógios / Óticas', '2021-01-11 16:10:15', '0000-00-00 00:00:00'),
	(109, 'Serviços em Telefonia', '2021-01-11 16:10:15', '0000-00-00 00:00:00'),
	(110, 'Serviços em Veículos', '2021-01-11 16:10:15', '0000-00-00 00:00:00'),
	(111, 'Serviços Esotéricos / Místicos', '2021-01-11 16:10:15', '0000-00-00 00:00:00'),
	(112, 'Serviços Financeiros', '2021-01-11 16:10:15', '0000-00-00 00:00:00'),
	(113, 'Serviços Funerários', '2021-01-11 16:10:15', '0000-00-00 00:00:00'),
	(114, 'Serviços Gerais', '2021-01-11 16:10:15', '0000-00-00 00:00:00'),
	(115, 'Serviços Gráficos / Editoriais', '2021-01-11 16:10:15', '0000-00-00 00:00:00'),
	(116, 'Serviços para Animais', '2021-01-11 16:10:15', '0000-00-00 00:00:00'),
	(117, 'Serviços para Deficientes', '2021-01-11 16:10:15', '0000-00-00 00:00:00'),
	(118, 'Serviços para Escritórios', '2021-01-11 16:10:15', '0000-00-00 00:00:00'),
	(119, 'Serviços para Roupas', '2021-01-11 16:10:15', '0000-00-00 00:00:00'),
	(120, 'Serviços Socias / Assistenciais', '2021-01-11 16:10:15', '0000-00-00 00:00:00'),
	(121, 'Sex Shop', '2021-01-11 16:10:15', '0000-00-00 00:00:00'),
	(122, 'Shopping Centers', '2021-01-11 16:10:15', '0000-00-00 00:00:00'),
	(123, 'Tabacaria', '2021-01-11 16:10:15', '0000-00-00 00:00:00'),
	(124, 'Tarifas Bancárias', '2021-01-11 16:10:15', '0000-00-00 00:00:00'),
	(125, 'Tarifas Telefônicas', '2021-01-11 16:10:15', '0000-00-00 00:00:00'),
	(126, 'Telefonia', '2021-01-11 16:10:15', '0000-00-00 00:00:00'),
	(127, 'Turismo', '2021-01-11 16:10:15', '0000-00-00 00:00:00');
/*!40000 ALTER TABLE `clientes_segmentos` ENABLE KEYS */;

-- Copiando estrutura para tabela zig.clientes_tipos
CREATE TABLE IF NOT EXISTS `clientes_tipos` (
  `id` int NOT NULL AUTO_INCREMENT,
  `descricao` varchar(50) NOT NULL,
  `created_at` timestamp NOT NULL DEFAULT CURRENT_TIMESTAMP ON UPDATE CURRENT_TIMESTAMP,
  `updated_at` timestamp NOT NULL DEFAULT '0000-00-00 00:00:00',
  PRIMARY KEY (`id`)
) ENGINE=InnoDB AUTO_INCREMENT=3 DEFAULT CHARSET=latin1;

-- Copiando dados para a tabela zig.clientes_tipos: ~2 rows (aproximadamente)
/*!40000 ALTER TABLE `clientes_tipos` DISABLE KEYS */;
INSERT INTO `clientes_tipos` (`id`, `descricao`, `created_at`, `updated_at`) VALUES
	(1, 'Pessoa Fisica', '2020-05-28 10:24:51', '2020-05-28 10:24:52'),
	(2, 'Pessoa Juridica', '2020-05-28 10:25:05', '2020-05-28 10:25:06');
/*!40000 ALTER TABLE `clientes_tipos` ENABLE KEYS */;

-- Copiando estrutura para tabela zig.config_pdv
CREATE TABLE IF NOT EXISTS `config_pdv` (
  `id` int NOT NULL AUTO_INCREMENT,
  `id_empresa` int NOT NULL,
  `id_tipo_pdv` int NOT NULL DEFAULT '1',
  `created_at` timestamp NOT NULL DEFAULT CURRENT_TIMESTAMP ON UPDATE CURRENT_TIMESTAMP,
  `updated_at` timestamp NOT NULL DEFAULT '0000-00-00 00:00:00',
  PRIMARY KEY (`id`),
  KEY `FK_config_pdv_clientes` (`id_empresa`),
  KEY `FK_config_pdv_tipo_pdv` (`id_tipo_pdv`),
  CONSTRAINT `FK_config_pdv_clientes` FOREIGN KEY (`id_empresa`) REFERENCES `empresas` (`id`),
  CONSTRAINT `FK_config_pdv_tipo_pdv` FOREIGN KEY (`id_tipo_pdv`) REFERENCES `tipos_pdv` (`id`)
) ENGINE=InnoDB AUTO_INCREMENT=10 DEFAULT CHARSET=latin1;

-- Copiando dados para a tabela zig.config_pdv: ~5 rows (aproximadamente)
/*!40000 ALTER TABLE `config_pdv` DISABLE KEYS */;
INSERT INTO `config_pdv` (`id`, `id_empresa`, `id_tipo_pdv`, `created_at`, `updated_at`) VALUES
	(3, 1, 2, '2021-09-01 21:39:06', '2021-09-01 21:39:06'),
	(6, 4, 2, '2020-07-21 14:15:58', '2020-07-21 14:15:58'),
	(7, 5, 2, '2021-01-13 17:38:35', '2021-01-13 17:38:35'),
	(8, 6, 2, '2021-01-18 17:35:22', '2021-01-18 17:35:22'),
	(9, 7, 1, '2021-03-03 21:31:06', '2021-03-03 21:31:06');
/*!40000 ALTER TABLE `config_pdv` ENABLE KEYS */;

-- Copiando estrutura para tabela zig.empresas
CREATE TABLE IF NOT EXISTS `empresas` (
  `id` int NOT NULL AUTO_INCREMENT,
  `nome` varchar(50) NOT NULL,
  `email` varchar(50) NOT NULL,
  `telefone` varchar(50) DEFAULT NULL,
  `celular` varchar(50) DEFAULT NULL,
  `id_segmento` int NOT NULL,
  `created_at` timestamp NOT NULL DEFAULT CURRENT_TIMESTAMP ON UPDATE CURRENT_TIMESTAMP,
  `updated_at` timestamp NOT NULL DEFAULT '0000-00-00 00:00:00',
  PRIMARY KEY (`id`)
) ENGINE=InnoDB AUTO_INCREMENT=8 DEFAULT CHARSET=latin1;

-- Copiando dados para a tabela zig.empresas: ~5 rows (aproximadamente)
/*!40000 ALTER TABLE `empresas` DISABLE KEYS */;
INSERT INTO `empresas` (`id`, `nome`, `email`, `telefone`, `celular`, `id_segmento`, `created_at`, `updated_at`) VALUES
	(1, 'Tonie', 'cliente_teste@hotmail.com', NULL, NULL, 0, '2020-11-26 22:33:38', '2020-11-26 22:33:38'),
	(4, 'BOUTHIN DISTRIBUIDORA LTDA', 'fernando@bouthin.com.br', '(47) 3424-1444', '', 4, '2020-07-21 14:01:06', '2020-07-21 14:01:06'),
	(5, 'Majukids', 'jeane.2@hotmail.com', '', '', 4, '2021-01-05 17:00:26', '2021-01-05 17:00:26'),
	(6, 'Açaí dos meus Sonhos', 'santosalvin@hotmail.com', '', '', 2, '2021-01-18 17:32:44', '2021-01-18 17:32:44'),
	(7, 'Fashion Star ', 'aninha.cc8@gmail.com ', '(47) 9881-9000', '(47) 98819-0000', 44, '2021-03-01 21:32:54', '2021-03-01 21:32:54');
/*!40000 ALTER TABLE `empresas` ENABLE KEYS */;

-- Copiando estrutura para tabela zig.log_acessos
CREATE TABLE IF NOT EXISTS `log_acessos` (
  `id` int NOT NULL AUTO_INCREMENT,
  `id_usuario` int NOT NULL DEFAULT '0',
  `id_empresa` int NOT NULL DEFAULT '0',
  `created_at` timestamp NOT NULL DEFAULT CURRENT_TIMESTAMP,
  `updated_at` timestamp NOT NULL DEFAULT '0000-00-00 00:00:00' ON UPDATE CURRENT_TIMESTAMP,
  `deleted_at` timestamp NOT NULL DEFAULT '0000-00-00 00:00:00',
  PRIMARY KEY (`id`),
  KEY `FK_log_usuarios` (`id_usuario`),
  KEY `FK_log_clientes` (`id_empresa`),
  CONSTRAINT `FK_log_clientes` FOREIGN KEY (`id_empresa`) REFERENCES `empresas` (`id`),
  CONSTRAINT `FK_log_usuarios` FOREIGN KEY (`id_usuario`) REFERENCES `usuarios` (`id`)
) ENGINE=InnoDB AUTO_INCREMENT=759 DEFAULT CHARSET=latin1;

-- Copiando dados para a tabela zig.log_acessos: ~223 rows (aproximadamente)
/*!40000 ALTER TABLE `log_acessos` DISABLE KEYS */;
INSERT INTO `log_acessos` (`id`, `id_usuario`, `id_empresa`, `created_at`, `updated_at`, `deleted_at`) VALUES
	(516, 1, 1, '2020-11-28 14:41:01', '2020-11-28 14:41:01', '0000-00-00 00:00:00'),
	(517, 1, 1, '2020-11-28 14:45:10', '2020-11-28 14:45:10', '0000-00-00 00:00:00'),
	(518, 1, 1, '2020-11-28 14:59:11', '2020-11-28 14:59:11', '0000-00-00 00:00:00'),
	(519, 1, 1, '2020-11-28 20:51:11', '2020-11-28 20:51:11', '0000-00-00 00:00:00'),
	(520, 1, 1, '2020-11-28 21:33:39', '2020-11-28 21:33:39', '0000-00-00 00:00:00'),
	(521, 1, 1, '2020-11-29 01:25:14', '2020-11-29 01:25:14', '0000-00-00 00:00:00'),
	(522, 1, 1, '2020-11-29 02:25:35', '2020-11-29 02:25:35', '0000-00-00 00:00:00'),
	(523, 1, 1, '2020-11-29 10:00:40', '2020-11-29 10:00:40', '0000-00-00 00:00:00'),
	(524, 67, 1, '2020-11-29 10:10:48', '2020-11-29 10:10:48', '0000-00-00 00:00:00'),
	(525, 1, 1, '2020-11-29 10:37:13', '2020-11-29 10:37:13', '0000-00-00 00:00:00'),
	(526, 1, 1, '2020-11-30 17:43:56', '2020-11-30 17:43:56', '0000-00-00 00:00:00'),
	(527, 1, 1, '2020-11-30 18:10:02', '2020-11-30 18:10:02', '0000-00-00 00:00:00'),
	(528, 1, 1, '2020-12-02 07:03:29', '2020-12-02 07:03:29', '0000-00-00 00:00:00'),
	(529, 1, 1, '2020-12-04 14:26:40', '2020-12-04 14:26:40', '0000-00-00 00:00:00'),
	(530, 1, 1, '2020-12-04 14:43:32', '2020-12-04 14:43:32', '0000-00-00 00:00:00'),
	(531, 1, 1, '2020-12-04 15:15:30', '2020-12-04 15:15:30', '0000-00-00 00:00:00'),
	(532, 58, 4, '2020-12-04 15:45:39', '2020-12-04 15:45:39', '0000-00-00 00:00:00'),
	(536, 67, 1, '2020-12-04 19:00:56', '2020-12-04 19:00:56', '0000-00-00 00:00:00'),
	(537, 1, 1, '2020-12-04 19:01:27', '2020-12-04 19:01:27', '0000-00-00 00:00:00'),
	(538, 58, 4, '2020-12-04 19:02:23', '2020-12-04 19:02:23', '0000-00-00 00:00:00'),
	(539, 1, 1, '2020-12-04 19:19:52', '2020-12-04 19:19:52', '0000-00-00 00:00:00'),
	(540, 1, 1, '2020-12-04 20:13:57', '2020-12-04 20:13:57', '0000-00-00 00:00:00'),
	(543, 1, 1, '2020-12-04 21:26:58', '2020-12-04 21:26:58', '0000-00-00 00:00:00'),
	(545, 1, 1, '2020-12-05 17:09:20', '2020-12-05 17:09:20', '0000-00-00 00:00:00'),
	(547, 67, 1, '2020-12-05 17:48:52', '2020-12-05 17:48:52', '0000-00-00 00:00:00'),
	(548, 1, 1, '2020-12-07 19:57:43', '2020-12-07 19:57:43', '0000-00-00 00:00:00'),
	(549, 58, 4, '2020-12-09 08:35:18', '2020-12-09 08:35:18', '0000-00-00 00:00:00'),
	(550, 58, 4, '2020-12-09 13:55:55', '2020-12-09 13:55:55', '0000-00-00 00:00:00'),
	(551, 58, 4, '2020-12-09 14:01:44', '2020-12-09 14:01:44', '0000-00-00 00:00:00'),
	(552, 58, 4, '2020-12-09 14:16:13', '2020-12-09 14:16:13', '0000-00-00 00:00:00'),
	(553, 58, 4, '2020-12-09 22:00:01', '2020-12-09 22:00:01', '0000-00-00 00:00:00'),
	(554, 1, 1, '2020-12-14 17:27:10', '2020-12-14 17:27:10', '0000-00-00 00:00:00'),
	(555, 1, 1, '2020-12-16 09:33:27', '2020-12-16 09:33:27', '0000-00-00 00:00:00'),
	(556, 1, 1, '2020-12-17 17:33:48', '2020-12-17 17:33:48', '0000-00-00 00:00:00'),
	(557, 1, 1, '2020-12-21 17:21:40', '2020-12-21 17:21:40', '0000-00-00 00:00:00'),
	(558, 1, 1, '2020-12-25 21:52:45', '2020-12-25 21:52:45', '0000-00-00 00:00:00'),
	(559, 1, 1, '2020-12-31 00:08:09', '2020-12-31 00:08:09', '0000-00-00 00:00:00'),
	(560, 1, 1, '2021-01-05 16:59:23', '2021-01-05 16:59:23', '0000-00-00 00:00:00'),
	(561, 68, 5, '2021-01-05 17:00:48', '2021-01-05 17:00:48', '0000-00-00 00:00:00'),
	(562, 68, 5, '2021-01-05 17:31:19', '2021-01-05 17:31:19', '0000-00-00 00:00:00'),
	(563, 1, 1, '2021-01-09 10:48:53', '2021-01-09 10:48:53', '0000-00-00 00:00:00'),
	(564, 1, 1, '2021-01-09 11:15:10', '2021-01-09 11:15:10', '0000-00-00 00:00:00'),
	(565, 1, 1, '2021-01-09 17:35:15', '2021-01-09 17:35:15', '0000-00-00 00:00:00'),
	(566, 1, 1, '2021-01-11 17:40:38', '2021-01-11 17:40:38', '0000-00-00 00:00:00'),
	(567, 1, 1, '2021-01-12 21:32:53', '2021-01-12 21:32:53', '0000-00-00 00:00:00'),
	(568, 1, 1, '2021-01-13 17:18:50', '2021-01-13 17:18:50', '0000-00-00 00:00:00'),
	(569, 68, 5, '2021-01-13 17:23:54', '2021-01-13 17:23:54', '0000-00-00 00:00:00'),
	(570, 1, 1, '2021-01-13 17:24:51', '2021-01-13 17:24:51', '0000-00-00 00:00:00'),
	(571, 68, 5, '2021-01-13 17:38:10', '2021-01-13 17:38:10', '0000-00-00 00:00:00'),
	(572, 1, 1, '2021-01-13 17:40:19', '2021-01-13 17:40:19', '0000-00-00 00:00:00'),
	(573, 1, 1, '2021-01-13 17:41:22', '2021-01-13 17:41:22', '0000-00-00 00:00:00'),
	(574, 68, 5, '2021-01-13 17:48:40', '2021-01-13 17:48:40', '0000-00-00 00:00:00'),
	(575, 1, 1, '2021-01-13 17:47:33', '2021-01-13 17:47:33', '0000-00-00 00:00:00'),
	(576, 68, 5, '2021-01-13 17:52:35', '2021-01-13 17:52:35', '0000-00-00 00:00:00'),
	(577, 68, 5, '2021-01-13 17:55:01', '2021-01-13 17:55:01', '0000-00-00 00:00:00'),
	(578, 68, 5, '2021-01-13 18:00:55', '2021-01-13 18:00:55', '0000-00-00 00:00:00'),
	(579, 68, 5, '2021-01-13 18:44:21', '2021-01-13 18:44:21', '0000-00-00 00:00:00'),
	(580, 68, 5, '2021-01-13 20:29:11', '2021-01-13 20:29:11', '0000-00-00 00:00:00'),
	(581, 68, 5, '2021-01-13 23:38:38', '2021-01-13 23:38:38', '0000-00-00 00:00:00'),
	(582, 68, 5, '2021-01-14 11:42:45', '2021-01-14 11:42:45', '0000-00-00 00:00:00'),
	(583, 68, 5, '2021-01-14 11:54:15', '2021-01-14 11:54:15', '0000-00-00 00:00:00'),
	(584, 1, 1, '2021-01-14 11:56:28', '2021-01-14 11:56:28', '0000-00-00 00:00:00'),
	(585, 68, 5, '2021-01-14 14:13:38', '2021-01-14 14:13:38', '0000-00-00 00:00:00'),
	(586, 1, 1, '2021-01-14 15:13:23', '2021-01-14 15:13:23', '0000-00-00 00:00:00'),
	(587, 68, 5, '2021-01-14 15:41:33', '2021-01-14 15:41:33', '0000-00-00 00:00:00'),
	(588, 68, 5, '2021-01-14 17:09:06', '2021-01-14 17:09:06', '0000-00-00 00:00:00'),
	(589, 68, 5, '2021-01-14 17:09:27', '2021-01-14 17:09:27', '0000-00-00 00:00:00'),
	(590, 68, 5, '2021-01-14 17:13:27', '2021-01-14 17:13:27', '0000-00-00 00:00:00'),
	(591, 68, 5, '2021-01-14 17:29:17', '2021-01-14 17:29:17', '0000-00-00 00:00:00'),
	(592, 68, 5, '2021-01-14 17:37:18', '2021-01-14 17:37:18', '0000-00-00 00:00:00'),
	(593, 68, 5, '2021-01-14 18:30:07', '2021-01-14 18:30:07', '0000-00-00 00:00:00'),
	(594, 68, 5, '2021-01-14 18:32:40', '2021-01-14 18:32:40', '0000-00-00 00:00:00'),
	(595, 68, 5, '2021-01-14 20:19:07', '2021-01-14 20:19:07', '0000-00-00 00:00:00'),
	(596, 68, 5, '2021-01-14 20:25:50', '2021-01-14 20:25:50', '0000-00-00 00:00:00'),
	(597, 68, 5, '2021-01-14 20:32:35', '2021-01-14 20:32:35', '0000-00-00 00:00:00'),
	(598, 68, 5, '2021-01-14 20:39:46', '2021-01-14 20:39:46', '0000-00-00 00:00:00'),
	(599, 1, 1, '2021-01-14 22:18:21', '2021-01-14 22:18:21', '0000-00-00 00:00:00'),
	(600, 1, 1, '2021-01-14 22:54:16', '2021-01-14 22:54:16', '0000-00-00 00:00:00'),
	(601, 1, 1, '2021-01-14 23:55:35', '2021-01-14 23:55:35', '0000-00-00 00:00:00'),
	(602, 1, 1, '2021-01-15 00:07:52', '2021-01-15 00:07:52', '0000-00-00 00:00:00'),
	(603, 68, 5, '2021-01-15 00:28:25', '2021-01-15 00:28:25', '0000-00-00 00:00:00'),
	(604, 68, 5, '2021-01-15 10:53:08', '2021-01-15 10:53:08', '0000-00-00 00:00:00'),
	(605, 68, 5, '2021-01-15 10:55:16', '2021-01-15 10:55:16', '0000-00-00 00:00:00'),
	(606, 68, 5, '2021-01-15 10:55:55', '2021-01-15 10:55:55', '0000-00-00 00:00:00'),
	(607, 1, 1, '2021-01-15 11:33:15', '2021-01-15 11:33:15', '0000-00-00 00:00:00'),
	(608, 68, 5, '2021-01-15 11:42:09', '2021-01-15 11:42:09', '0000-00-00 00:00:00'),
	(609, 68, 5, '2021-01-15 11:42:21', '2021-01-15 11:42:21', '0000-00-00 00:00:00'),
	(610, 68, 5, '2021-01-15 12:27:18', '2021-01-15 12:27:18', '0000-00-00 00:00:00'),
	(611, 1, 1, '2021-01-15 12:56:37', '2021-01-15 12:56:37', '0000-00-00 00:00:00'),
	(612, 68, 5, '2021-01-15 17:28:33', '2021-01-15 17:28:33', '0000-00-00 00:00:00'),
	(613, 1, 1, '2021-01-15 18:16:39', '2021-01-15 18:16:39', '0000-00-00 00:00:00'),
	(614, 68, 5, '2021-01-15 18:47:58', '2021-01-15 18:47:58', '0000-00-00 00:00:00'),
	(615, 68, 5, '2021-01-15 18:48:53', '2021-01-15 18:48:53', '0000-00-00 00:00:00'),
	(616, 68, 5, '2021-01-15 19:53:52', '2021-01-15 19:53:52', '0000-00-00 00:00:00'),
	(617, 68, 5, '2021-01-15 22:33:46', '2021-01-15 22:33:46', '0000-00-00 00:00:00'),
	(618, 68, 5, '2021-01-15 22:33:48', '2021-01-15 22:33:48', '0000-00-00 00:00:00'),
	(619, 68, 5, '2021-01-15 23:01:54', '2021-01-15 23:01:54', '0000-00-00 00:00:00'),
	(620, 68, 5, '2021-01-16 12:02:54', '2021-01-16 12:02:54', '0000-00-00 00:00:00'),
	(621, 68, 5, '2021-01-16 19:12:32', '2021-01-16 19:12:32', '0000-00-00 00:00:00'),
	(622, 68, 5, '2021-01-17 13:07:37', '2021-01-17 13:07:37', '0000-00-00 00:00:00'),
	(623, 68, 5, '2021-01-17 13:13:00', '2021-01-17 13:13:00', '0000-00-00 00:00:00'),
	(624, 68, 5, '2021-01-17 15:10:00', '2021-01-17 15:10:00', '0000-00-00 00:00:00'),
	(625, 68, 5, '2021-01-17 16:04:04', '2021-01-17 16:04:04', '0000-00-00 00:00:00'),
	(626, 1, 1, '2021-01-17 16:04:14', '2021-01-17 16:04:14', '0000-00-00 00:00:00'),
	(627, 1, 1, '2021-01-17 16:44:24', '2021-01-17 16:44:24', '0000-00-00 00:00:00'),
	(628, 68, 5, '2021-01-17 16:44:39', '2021-01-17 16:44:39', '0000-00-00 00:00:00'),
	(629, 68, 5, '2021-01-17 17:01:37', '2021-01-17 17:01:37', '0000-00-00 00:00:00'),
	(630, 68, 5, '2021-01-17 18:01:34', '2021-01-17 18:01:34', '0000-00-00 00:00:00'),
	(631, 68, 5, '2021-01-17 23:12:49', '2021-01-17 23:12:49', '0000-00-00 00:00:00'),
	(632, 68, 5, '2021-01-18 00:26:28', '2021-01-18 00:26:28', '0000-00-00 00:00:00'),
	(633, 68, 5, '2021-01-18 00:43:44', '2021-01-18 00:43:44', '0000-00-00 00:00:00'),
	(634, 68, 5, '2021-01-18 00:47:10', '2021-01-18 00:47:10', '0000-00-00 00:00:00'),
	(635, 68, 5, '2021-01-18 11:04:05', '2021-01-18 11:04:05', '0000-00-00 00:00:00'),
	(636, 68, 5, '2021-01-18 11:48:08', '2021-01-18 11:48:08', '0000-00-00 00:00:00'),
	(637, 68, 5, '2021-01-18 13:17:40', '2021-01-18 13:17:40', '0000-00-00 00:00:00'),
	(638, 68, 5, '2021-01-18 17:30:25', '2021-01-18 17:30:25', '0000-00-00 00:00:00'),
	(639, 1, 1, '2021-01-18 17:31:05', '2021-01-18 17:31:05', '0000-00-00 00:00:00'),
	(640, 71, 6, '2021-01-18 17:32:59', '2021-01-18 17:32:59', '0000-00-00 00:00:00'),
	(641, 71, 6, '2021-01-18 17:34:52', '2021-01-18 17:34:52', '0000-00-00 00:00:00'),
	(642, 68, 5, '2021-01-19 08:50:35', '2021-01-19 08:50:35', '0000-00-00 00:00:00'),
	(643, 71, 6, '2021-01-19 09:07:25', '2021-01-19 09:07:25', '0000-00-00 00:00:00'),
	(644, 68, 5, '2021-01-19 09:07:41', '2021-01-19 09:07:41', '0000-00-00 00:00:00'),
	(645, 68, 5, '2021-01-19 17:05:16', '2021-01-19 17:05:16', '0000-00-00 00:00:00'),
	(646, 68, 5, '2021-01-19 18:26:42', '2021-01-19 18:26:42', '0000-00-00 00:00:00'),
	(647, 68, 5, '2021-01-20 09:03:58', '2021-01-20 09:03:58', '0000-00-00 00:00:00'),
	(648, 1, 1, '2021-01-20 09:08:41', '2021-01-20 09:08:41', '0000-00-00 00:00:00'),
	(649, 68, 5, '2021-01-20 18:38:59', '2021-01-20 18:38:59', '0000-00-00 00:00:00'),
	(650, 68, 5, '2021-01-20 20:37:34', '2021-01-20 20:37:34', '0000-00-00 00:00:00'),
	(651, 68, 5, '2021-01-20 22:48:55', '2021-01-20 22:48:55', '0000-00-00 00:00:00'),
	(652, 1, 1, '2021-01-20 22:49:20', '2021-01-20 22:49:20', '0000-00-00 00:00:00'),
	(653, 68, 5, '2021-01-20 23:15:05', '2021-01-20 23:15:05', '0000-00-00 00:00:00'),
	(654, 68, 5, '2021-01-20 23:15:46', '2021-01-20 23:15:46', '0000-00-00 00:00:00'),
	(655, 68, 5, '2021-01-21 09:13:57', '2021-01-21 09:13:57', '0000-00-00 00:00:00'),
	(656, 68, 5, '2021-01-21 10:01:45', '2021-01-21 10:01:45', '0000-00-00 00:00:00'),
	(657, 68, 5, '2021-01-21 16:05:15', '2021-01-21 16:05:15', '0000-00-00 00:00:00'),
	(658, 68, 5, '2021-01-22 12:57:32', '2021-01-22 12:57:32', '0000-00-00 00:00:00'),
	(659, 68, 5, '2021-01-22 14:09:19', '2021-01-22 14:09:19', '0000-00-00 00:00:00'),
	(660, 68, 5, '2021-01-26 15:46:22', '2021-01-26 15:46:22', '0000-00-00 00:00:00'),
	(661, 1, 1, '2021-01-26 22:12:12', '2021-01-26 22:12:12', '0000-00-00 00:00:00'),
	(662, 68, 5, '2021-01-26 22:12:30', '2021-01-26 22:12:30', '0000-00-00 00:00:00'),
	(663, 68, 5, '2021-01-27 19:11:13', '2021-01-27 19:11:13', '0000-00-00 00:00:00'),
	(664, 1, 1, '2021-01-29 19:03:30', '2021-01-29 19:03:30', '0000-00-00 00:00:00'),
	(665, 68, 5, '2021-01-29 19:03:51', '2021-01-29 19:03:51', '0000-00-00 00:00:00'),
	(666, 68, 5, '2021-01-29 22:01:50', '2021-01-29 22:01:50', '0000-00-00 00:00:00'),
	(667, 68, 5, '2021-01-30 19:49:00', '2021-01-30 19:49:00', '0000-00-00 00:00:00'),
	(668, 68, 5, '2021-01-31 20:53:03', '2021-01-31 20:53:03', '0000-00-00 00:00:00'),
	(669, 68, 5, '2021-01-31 23:06:51', '2021-01-31 23:06:51', '0000-00-00 00:00:00'),
	(670, 68, 5, '2021-02-01 08:32:14', '2021-02-01 08:32:14', '0000-00-00 00:00:00'),
	(671, 68, 5, '2021-02-02 22:11:03', '2021-02-02 22:11:03', '0000-00-00 00:00:00'),
	(672, 68, 5, '2021-02-02 22:11:25', '2021-02-02 22:11:25', '0000-00-00 00:00:00'),
	(673, 68, 5, '2021-02-02 22:11:50', '2021-02-02 22:11:50', '0000-00-00 00:00:00'),
	(674, 1, 1, '2021-02-04 17:57:17', '2021-02-04 17:57:17', '0000-00-00 00:00:00'),
	(675, 1, 1, '2021-02-06 17:02:16', '2021-02-06 17:02:16', '0000-00-00 00:00:00'),
	(676, 68, 5, '2021-02-06 17:02:43', '2021-02-06 17:02:43', '0000-00-00 00:00:00'),
	(677, 68, 5, '2021-02-08 12:04:08', '2021-02-08 12:04:08', '0000-00-00 00:00:00'),
	(678, 68, 5, '2021-02-09 08:53:50', '2021-02-09 08:53:50', '0000-00-00 00:00:00'),
	(679, 68, 5, '2021-02-09 12:41:24', '2021-02-09 12:41:24', '0000-00-00 00:00:00'),
	(680, 68, 5, '2021-02-09 12:47:24', '2021-02-09 12:47:24', '0000-00-00 00:00:00'),
	(681, 1, 1, '2021-02-10 14:02:12', '2021-02-10 14:02:12', '0000-00-00 00:00:00'),
	(682, 68, 5, '2021-02-10 14:04:19', '2021-02-10 14:04:19', '0000-00-00 00:00:00'),
	(683, 68, 5, '2021-02-12 10:07:41', '2021-02-12 10:07:41', '0000-00-00 00:00:00'),
	(684, 68, 5, '2021-02-16 18:53:19', '2021-02-16 18:53:19', '0000-00-00 00:00:00'),
	(685, 68, 5, '2021-02-19 11:01:14', '2021-02-19 11:01:14', '0000-00-00 00:00:00'),
	(686, 1, 1, '2021-02-19 11:21:22', '2021-02-19 11:21:22', '0000-00-00 00:00:00'),
	(687, 1, 1, '2021-02-24 14:07:34', '2021-02-24 14:07:34', '0000-00-00 00:00:00'),
	(688, 68, 5, '2021-02-24 14:07:55', '2021-02-24 14:07:55', '0000-00-00 00:00:00'),
	(689, 68, 5, '2021-02-24 14:07:59', '2021-02-24 14:07:59', '0000-00-00 00:00:00'),
	(690, 1, 1, '2021-02-24 21:50:17', '2021-02-24 21:50:17', '0000-00-00 00:00:00'),
	(691, 68, 5, '2021-02-24 22:46:49', '2021-02-24 22:46:49', '0000-00-00 00:00:00'),
	(692, 1, 1, '2021-02-24 22:47:05', '2021-02-24 22:47:05', '0000-00-00 00:00:00'),
	(693, 72, 1, '2021-02-24 22:48:37', '2021-02-24 22:48:37', '0000-00-00 00:00:00'),
	(694, 1, 1, '2021-02-24 22:48:54', '2021-02-24 22:48:54', '0000-00-00 00:00:00'),
	(695, 72, 1, '2021-02-24 22:52:10', '2021-02-24 22:52:10', '0000-00-00 00:00:00'),
	(696, 72, 1, '2021-02-24 23:00:05', '2021-02-24 23:00:05', '0000-00-00 00:00:00'),
	(697, 1, 1, '2021-02-25 09:11:50', '2021-02-25 09:11:50', '0000-00-00 00:00:00'),
	(698, 1, 1, '2021-02-26 14:38:39', '2021-02-26 14:38:39', '0000-00-00 00:00:00'),
	(699, 1, 1, '2021-03-01 15:06:26', '2021-03-01 15:06:26', '0000-00-00 00:00:00'),
	(700, 1, 1, '2021-03-01 18:08:39', '2021-03-01 18:08:39', '0000-00-00 00:00:00'),
	(701, 1, 1, '2021-03-01 18:09:31', '2021-03-01 18:09:31', '0000-00-00 00:00:00'),
	(702, 1, 1, '2021-03-01 18:36:23', '2021-03-01 18:36:23', '0000-00-00 00:00:00'),
	(703, 57, 1, '2021-03-01 18:48:17', '2021-03-01 18:48:17', '0000-00-00 00:00:00'),
	(704, 1, 1, '2021-03-01 20:05:33', '2021-03-01 20:05:33', '0000-00-00 00:00:00'),
	(705, 73, 1, '2021-03-01 20:47:52', '2021-03-01 20:47:52', '0000-00-00 00:00:00'),
	(706, 57, 1, '2021-03-01 21:31:49', '2021-03-01 21:31:49', '0000-00-00 00:00:00'),
	(707, 1, 1, '2021-03-02 08:23:52', '2021-03-02 08:23:52', '0000-00-00 00:00:00'),
	(708, 74, 7, '2021-03-02 08:26:23', '2021-03-02 08:26:23', '0000-00-00 00:00:00'),
	(709, 74, 7, '2021-03-02 08:27:29', '2021-03-02 08:27:29', '0000-00-00 00:00:00'),
	(710, 51, 1, '2021-03-02 15:41:22', '2021-03-02 15:41:22', '0000-00-00 00:00:00'),
	(711, 74, 7, '2021-03-03 21:28:24', '2021-03-03 21:28:24', '0000-00-00 00:00:00'),
	(712, 1, 1, '2021-03-04 09:13:53', '2021-03-04 09:13:53', '0000-00-00 00:00:00'),
	(713, 1, 1, '2021-03-04 19:02:44', '2021-03-04 19:02:44', '0000-00-00 00:00:00'),
	(714, 68, 5, '2021-03-04 22:16:07', '2021-03-04 22:16:07', '0000-00-00 00:00:00'),
	(715, 1, 1, '2021-03-06 17:42:38', '2021-03-06 17:42:38', '0000-00-00 00:00:00'),
	(716, 57, 1, '2021-03-11 19:17:30', '2021-03-11 19:17:30', '0000-00-00 00:00:00'),
	(717, 57, 1, '2021-03-11 19:17:53', '2021-03-11 19:17:53', '0000-00-00 00:00:00'),
	(718, 57, 1, '2021-03-11 19:18:13', '2021-03-11 19:18:13', '0000-00-00 00:00:00'),
	(719, 57, 1, '2021-03-11 19:18:28', '2021-03-11 19:18:28', '0000-00-00 00:00:00'),
	(720, 68, 5, '2021-03-13 13:45:34', '2021-03-13 13:45:34', '0000-00-00 00:00:00'),
	(721, 1, 1, '2021-03-31 14:54:52', '2021-03-31 14:54:52', '0000-00-00 00:00:00'),
	(722, 68, 5, '2021-04-06 08:45:15', '2021-04-06 08:45:15', '0000-00-00 00:00:00'),
	(723, 1, 1, '2021-04-24 01:37:14', '2021-04-24 01:37:14', '0000-00-00 00:00:00'),
	(724, 68, 5, '2021-04-24 01:37:34', '2021-04-24 01:37:34', '0000-00-00 00:00:00'),
	(725, 1, 1, '2021-04-24 01:39:01', '2021-04-24 01:39:01', '0000-00-00 00:00:00'),
	(726, 68, 5, '2021-04-24 10:23:56', '2021-04-24 10:23:56', '0000-00-00 00:00:00'),
	(727, 68, 5, '2021-04-24 14:05:03', '2021-04-24 14:05:03', '0000-00-00 00:00:00'),
	(728, 1, 1, '2021-04-24 14:06:00', '2021-04-24 14:06:00', '0000-00-00 00:00:00'),
	(729, 68, 5, '2021-04-24 14:06:38', '2021-04-24 14:06:38', '0000-00-00 00:00:00'),
	(730, 68, 5, '2021-04-24 15:50:30', '2021-04-24 15:50:30', '0000-00-00 00:00:00'),
	(731, 68, 5, '2021-04-25 16:16:03', '2021-04-25 16:16:03', '0000-00-00 00:00:00'),
	(732, 1, 1, '2021-04-30 11:03:33', '2021-04-30 11:03:33', '0000-00-00 00:00:00'),
	(733, 1, 1, '2021-04-30 13:37:29', '2021-04-30 13:37:29', '0000-00-00 00:00:00'),
	(734, 68, 5, '2021-05-03 11:39:15', '2021-05-03 11:39:15', '0000-00-00 00:00:00'),
	(735, 68, 5, '2021-05-03 13:17:56', '2021-05-03 13:17:56', '0000-00-00 00:00:00'),
	(736, 68, 5, '2021-05-03 13:18:06', '2021-05-03 13:18:06', '0000-00-00 00:00:00'),
	(737, 68, 5, '2021-05-03 13:49:34', '2021-05-03 13:49:34', '0000-00-00 00:00:00'),
	(738, 68, 5, '2021-05-04 08:42:58', '2021-05-04 08:42:58', '0000-00-00 00:00:00'),
	(739, 1, 1, '2021-05-07 22:46:41', '2021-05-07 22:46:41', '0000-00-00 00:00:00'),
	(740, 1, 1, '2021-05-07 22:46:42', '2021-05-07 22:46:42', '0000-00-00 00:00:00'),
	(741, 68, 5, '2021-05-07 22:47:20', '2021-05-07 22:47:20', '0000-00-00 00:00:00'),
	(742, 68, 5, '2021-05-18 23:52:34', '2021-05-18 23:52:34', '0000-00-00 00:00:00'),
	(743, 68, 5, '2021-05-18 23:53:09', '2021-05-18 23:53:09', '0000-00-00 00:00:00'),
	(744, 68, 5, '2021-05-18 23:53:47', '2021-05-18 23:53:47', '0000-00-00 00:00:00'),
	(745, 1, 1, '2021-06-22 07:16:35', '2021-06-22 07:16:35', '0000-00-00 00:00:00'),
	(746, 1, 1, '2021-06-22 18:44:50', '2021-06-22 18:44:50', '0000-00-00 00:00:00'),
	(747, 1, 1, '2021-06-22 19:07:12', '2021-06-22 19:07:12', '0000-00-00 00:00:00'),
	(748, 1, 1, '2021-07-03 16:42:43', '2021-07-03 16:42:43', '0000-00-00 00:00:00'),
	(749, 1, 1, '2021-08-02 18:48:21', '2021-08-02 18:48:21', '0000-00-00 00:00:00'),
	(750, 1, 1, '2021-08-06 08:45:11', '2021-08-06 08:45:11', '0000-00-00 00:00:00'),
	(751, 1, 1, '2021-08-21 22:41:35', '0000-00-00 00:00:00', '0000-00-00 00:00:00'),
	(752, 1, 1, '2021-09-01 21:02:32', '0000-00-00 00:00:00', '0000-00-00 00:00:00'),
	(753, 1, 1, '2021-09-05 17:51:58', '0000-00-00 00:00:00', '0000-00-00 00:00:00'),
	(754, 1, 1, '2021-09-06 12:44:39', '0000-00-00 00:00:00', '0000-00-00 00:00:00'),
	(755, 1, 1, '2021-10-29 22:22:08', '0000-00-00 00:00:00', '0000-00-00 00:00:00'),
	(756, 1, 1, '2021-12-02 11:31:03', '0000-00-00 00:00:00', '0000-00-00 00:00:00'),
	(757, 1, 1, '2021-12-05 20:20:50', '0000-00-00 00:00:00', '0000-00-00 00:00:00'),
	(758, 1, 1, '2021-12-24 09:43:18', '0000-00-00 00:00:00', '0000-00-00 00:00:00');
/*!40000 ALTER TABLE `log_acessos` ENABLE KEYS */;

-- Copiando estrutura para tabela zig.meios_pagamentos
CREATE TABLE IF NOT EXISTS `meios_pagamentos` (
  `id` int NOT NULL AUTO_INCREMENT,
  `legenda` varchar(50) NOT NULL,
  `created_at` timestamp NOT NULL DEFAULT CURRENT_TIMESTAMP ON UPDATE CURRENT_TIMESTAMP,
  `updated_at` timestamp NOT NULL DEFAULT '0000-00-00 00:00:00',
  PRIMARY KEY (`id`)
) ENGINE=InnoDB AUTO_INCREMENT=6 DEFAULT CHARSET=latin1;

-- Copiando dados para a tabela zig.meios_pagamentos: ~5 rows (aproximadamente)
/*!40000 ALTER TABLE `meios_pagamentos` DISABLE KEYS */;
INSERT INTO `meios_pagamentos` (`id`, `legenda`, `created_at`, `updated_at`) VALUES
	(1, 'Dinheiro', '0000-00-00 00:00:00', '0000-00-00 00:00:00'),
	(2, 'Crédito', '0000-00-00 00:00:00', '0000-00-00 00:00:00'),
	(3, 'Débito', '0000-00-00 00:00:00', '0000-00-00 00:00:00'),
	(4, 'Boleto', '2021-01-14 12:03:35', '0000-00-00 00:00:00'),
	(5, 'Pix', '2021-12-25 14:11:43', '0000-00-00 00:00:00');
/*!40000 ALTER TABLE `meios_pagamentos` ENABLE KEYS */;

-- Copiando estrutura para tabela zig.migrations
CREATE TABLE IF NOT EXISTS `migrations` (
  `id` int NOT NULL AUTO_INCREMENT,
  `code` varchar(10) NOT NULL,
  `description` varchar(150) NOT NULL,
  `created_at` timestamp NOT NULL DEFAULT CURRENT_TIMESTAMP,
  `updated_at` timestamp NULL DEFAULT NULL ON UPDATE CURRENT_TIMESTAMP,
  PRIMARY KEY (`id`)
) ENGINE=InnoDB AUTO_INCREMENT=34 DEFAULT CHARSET=utf8;

-- Copiando dados para a tabela zig.migrations: ~31 rows (aproximadamente)
/*!40000 ALTER TABLE `migrations` DISABLE KEYS */;
INSERT INTO `migrations` (`id`, `code`, `description`, `created_at`, `updated_at`) VALUES
	(1, '1593604775', 'cria tabela migrations', '2020-07-01 09:33:40', NULL),
	(2, '1593605007', 'cria tabela de clientes segmentos', '2020-07-01 09:33:40', NULL),
	(3, '1593605094', 'cria tabela de clientes tipos', '2020-07-01 09:33:40', NULL),
	(4, '1593605143', 'cria tabela de empresas', '2020-07-01 09:33:40', NULL),
	(5, '1593605239', 'cria tabela de clientes', '2020-07-01 09:33:40', NULL),
	(6, '1593605328', 'cria tabela de meios de pagamento', '2020-07-01 09:33:40', NULL),
	(7, '1593605367', 'cria tabela de tipos pdv', '2020-07-01 09:33:40', NULL),
	(8, '1593605428', 'cria tabela de clientes enderecos', '2020-07-01 09:33:40', NULL),
	(9, '1593605466', 'cria tabela de config pdv', '2020-07-01 09:33:40', NULL),
	(10, '1593605510', 'cria tabela de modulos', '2020-07-01 09:33:40', NULL),
	(11, '1593605548', 'cria tabela de perfis', '2020-07-01 09:33:40', NULL),
	(12, '1593605570', 'cria tabela de produtos', '2020-07-01 09:33:40', NULL),
	(13, '1593605592', 'cria tabela de sexos', '2020-07-01 09:33:40', NULL),
	(14, '1593605596', 'cria tabela de usuarios', '2020-07-01 09:33:40', NULL),
	(15, '1593605654', 'cria tabela de modulos de usuarios', '2020-07-01 09:33:40', NULL),
	(16, '1593605683', 'cria tabela de vendas', '2020-07-01 09:33:40', NULL),
	(17, '1593608384', 'cria tabela de logs', '2020-07-01 09:33:40', NULL),
	(18, '1593618822', 'campo email', '2020-07-26 13:40:40', NULL),
	(19, '1593619560', 'acriar campo id segmento em empresas', '2020-07-26 13:40:40', NULL),
	(20, '1593620377', 'chave estrageira de id segmento em tabela empresas', '2020-07-26 13:40:40', NULL),
	(21, '1595762432', 'cria tabela de recuperacao de senha', '2020-07-26 13:40:41', NULL),
	(22, '1605128613', 'adiciona coluna remember token na tabela usuarios', '2020-12-31 00:09:47', NULL),
	(23, '1605128710', 'adiciona coluna remember expire date na tabela usuarios', '2020-12-31 00:09:47', NULL),
	(24, '1609101088', 'cria tabela de pedidos', '2020-12-31 00:09:47', NULL),
	(25, '1609101547', 'cria tabela de produtos pedidos', '2020-12-31 00:09:48', NULL),
	(26, '1609101745', 'cria tabela situacoes pedidos', '2020-12-31 00:09:48', NULL),
	(27, '1609103876', 'adiciona coluna deleted at a tabela produtos', '2020-12-31 00:09:48', NULL),
	(29, '1610391011', 'lista de clientes segmentos', '2021-01-11 16:10:16', NULL),
	(30, '1610623759', 'adiciona boleto aos meios de pagamento', '2021-01-14 12:03:35', NULL),
	(31, '1610626072', 'adiciona data compensacao a tabela de vendas', '2021-01-14 12:03:35', NULL),
	(32, '1610674406', 'created at em vendas', '2021-01-14 22:35:26', NULL),
	(33, '1629596801', '[descreva as mudanã§as]', '2021-08-21 22:48:05', NULL);
/*!40000 ALTER TABLE `migrations` ENABLE KEYS */;

-- Copiando estrutura para tabela zig.modulos
CREATE TABLE IF NOT EXISTS `modulos` (
  `id` int NOT NULL AUTO_INCREMENT,
  `descricao` varchar(50) NOT NULL,
  `created_at` timestamp NOT NULL DEFAULT CURRENT_TIMESTAMP ON UPDATE CURRENT_TIMESTAMP,
  `updated_at` timestamp NOT NULL DEFAULT '0000-00-00 00:00:00',
  `deleted_at` timestamp NULL DEFAULT NULL,
  PRIMARY KEY (`id`)
) ENGINE=InnoDB AUTO_INCREMENT=12 DEFAULT CHARSET=latin1;

-- Copiando dados para a tabela zig.modulos: ~10 rows (aproximadamente)
/*!40000 ALTER TABLE `modulos` DISABLE KEYS */;
INSERT INTO `modulos` (`id`, `descricao`, `created_at`, `updated_at`, `deleted_at`) VALUES
	(2, 'Inicio', '2020-06-24 06:55:45', '2020-06-24 06:55:46', NULL),
	(3, 'Empresas', '0000-00-00 00:00:00', '0000-00-00 00:00:00', NULL),
	(4, 'Usuarios', '0000-00-00 00:00:00', '0000-00-00 00:00:00', NULL),
	(5, 'PDV padrão', '0000-00-00 00:00:00', '0000-00-00 00:00:00', NULL),
	(6, 'PDV diferencial', '0000-00-00 00:00:00', '0000-00-00 00:00:00', NULL),
	(7, 'Clientes', '0000-00-00 00:00:00', '0000-00-00 00:00:00', NULL),
	(8, 'Produtos', '0000-00-00 00:00:00', '0000-00-00 00:00:00', NULL),
	(9, 'Pedidos', '0000-00-00 00:00:00', '0000-00-00 00:00:00', NULL),
	(10, 'Relatorios', '0000-00-00 00:00:00', '0000-00-00 00:00:00', NULL),
	(11, 'Configurações', '0000-00-00 00:00:00', '0000-00-00 00:00:00', NULL);
/*!40000 ALTER TABLE `modulos` ENABLE KEYS */;

-- Copiando estrutura para tabela zig.pedidos
CREATE TABLE IF NOT EXISTS `pedidos` (
  `id` int NOT NULL AUTO_INCREMENT,
  `id_empresa` int NOT NULL DEFAULT '0',
  `id_vendedor` int NOT NULL DEFAULT '0',
  `id_cliente` int NOT NULL DEFAULT '0',
  `id_meio_pagamento` int DEFAULT NULL,
  `id_situacao_pedido` int NOT NULL,
  `id_cliente_endereco` int NOT NULL,
  `valor_desconto` double NOT NULL DEFAULT '0',
  `valor_frete` double NOT NULL DEFAULT '0',
  `previsao_entrega` date NOT NULL DEFAULT '0000-00-00',
  `total` double NOT NULL,
  `created_at` timestamp NULL DEFAULT NULL,
  `updated_at` timestamp NULL DEFAULT NULL,
  PRIMARY KEY (`id`),
  KEY `FK_empresas_pedidos` (`id_empresa`),
  KEY `FK_usuarios_pedidos` (`id_vendedor`),
  KEY `FK_clientes_pedidos` (`id_cliente`),
  KEY `FK_meio_pagamentos_pedidos` (`id_meio_pagamento`),
  KEY `FK_cliente_endereco_pedidos` (`id_cliente_endereco`),
  KEY `FK_situacao_pedidos` (`id_situacao_pedido`)
) ENGINE=MyISAM AUTO_INCREMENT=189 DEFAULT CHARSET=utf8 COLLATE=utf8_unicode_ci;

-- Copiando dados para a tabela zig.pedidos: 7 rows
/*!40000 ALTER TABLE `pedidos` DISABLE KEYS */;
INSERT INTO `pedidos` (`id`, `id_empresa`, `id_vendedor`, `id_cliente`, `id_meio_pagamento`, `id_situacao_pedido`, `id_cliente_endereco`, `valor_desconto`, `valor_frete`, `previsao_entrega`, `total`, `created_at`, `updated_at`) VALUES
	(182, 0, 58, 24, NULL, 7, 26, 0, 0, '0000-00-00', 0, '2020-11-27 19:23:39', '2020-11-27 19:23:39'),
	(183, 0, 58, 24, NULL, 7, 27, 0, 0, '0000-00-00', 0, '2020-11-27 19:26:22', '2020-11-27 19:26:22'),
	(184, 0, 58, 26, 1, 3, 28, 0, 0, '2020-12-16', 0, '2020-12-09 14:21:06', '2020-12-09 14:31:35'),
	(185, 0, 1, 25, NULL, 7, 29, 0, 0, '0000-00-00', 0, '2021-01-09 10:50:06', '2021-01-09 10:50:06'),
	(186, 0, 1, 25, 1, 1, 29, 0, 0, '2021-01-16', 0, '2021-01-09 17:05:36', '2021-01-09 17:06:13'),
	(187, 0, 1, 25, 1, 1, 29, 5, 5, '2021-01-30', 0, '2021-01-12 21:49:48', '2021-02-19 11:28:37'),
	(188, 0, 73, 27, 1, 1, 30, 0, 0, '0000-00-00', 0, '2021-03-01 20:50:22', '2021-03-01 20:51:04');
/*!40000 ALTER TABLE `pedidos` ENABLE KEYS */;

-- Copiando estrutura para tabela zig.perfis
CREATE TABLE IF NOT EXISTS `perfis` (
  `id` int NOT NULL AUTO_INCREMENT,
  `descricao` varchar(50) NOT NULL DEFAULT '0',
  `created_at` timestamp NOT NULL DEFAULT '0000-00-00 00:00:00' ON UPDATE CURRENT_TIMESTAMP,
  `updated_at` timestamp NOT NULL DEFAULT '0000-00-00 00:00:00',
  PRIMARY KEY (`id`)
) ENGINE=InnoDB AUTO_INCREMENT=6 DEFAULT CHARSET=latin1;

-- Copiando dados para a tabela zig.perfis: ~4 rows (aproximadamente)
/*!40000 ALTER TABLE `perfis` DISABLE KEYS */;
INSERT INTO `perfis` (`id`, `descricao`, `created_at`, `updated_at`) VALUES
	(1, 'Super Admin', '2020-06-21 13:00:15', '0000-00-00 00:00:00'),
	(2, 'Administrador', '2020-07-10 09:07:34', '0000-00-00 00:00:00'),
	(4, 'Vendedor', '2020-04-25 00:53:32', '0000-00-00 00:00:00'),
	(5, 'Gerente', '0000-00-00 00:00:00', '0000-00-00 00:00:00');
/*!40000 ALTER TABLE `perfis` ENABLE KEYS */;

-- Copiando estrutura para tabela zig.produtos
CREATE TABLE IF NOT EXISTS `produtos` (
  `id` int NOT NULL AUTO_INCREMENT,
  `id_empresa` int NOT NULL,
  `nome` varchar(50) NOT NULL,
  `preco` double NOT NULL DEFAULT '0',
  `descricao` mediumtext,
  `imagem` mediumtext,
  `codigo` int DEFAULT NULL,
  `created_at` timestamp NULL DEFAULT '0000-00-00 00:00:00',
  `updated_at` timestamp NOT NULL DEFAULT '0000-00-00 00:00:00',
  `deleted_at` timestamp NULL DEFAULT NULL,
  PRIMARY KEY (`id`),
  KEY `FK_produtos_clientes` (`id_empresa`),
  CONSTRAINT `FK_produtos_clientes` FOREIGN KEY (`id_empresa`) REFERENCES `empresas` (`id`)
) ENGINE=InnoDB AUTO_INCREMENT=170 DEFAULT CHARSET=utf8;

-- Copiando dados para a tabela zig.produtos: ~8 rows (aproximadamente)
/*!40000 ALTER TABLE `produtos` DISABLE KEYS */;
INSERT INTO `produtos` (`id`, `id_empresa`, `nome`, `preco`, `descricao`, `imagem`, `codigo`, `created_at`, `updated_at`, `deleted_at`) VALUES
	(161, 1, 'Camisa de Algodão', 60, NULL, 'public/imagem/produtos/1628472442.png', 1, '2021-08-10 21:22:37', '2021-09-01 21:08:31', NULL),
	(162, 1, 'Ventilador', 150, '', 'public/imagem/produtos/1628472516.png', 0, '2021-08-10 21:22:57', '2021-08-10 21:22:57', NULL),
	(163, 1, 'Anilhas', 35.55, '', 'public/imagem/produtos/1628476271.jpg', 0, '2021-08-10 21:23:28', '2021-08-10 21:23:28', NULL),
	(164, 1, 'Microfone', 300, NULL, 'public/imagem/produtos/1628723260.jpg', 0, '2021-08-11 20:30:51', '2021-08-12 22:32:30', NULL),
	(165, 1, 'Microfone Knup', 76, '', 'public/imagem/produtos/1628819011.png', 0, '2021-08-12 22:43:31', '2021-08-12 22:46:57', NULL),
	(166, 1, 'Caixa Itaipava Latinha', 28, '', 'public/imagem/produtos/1628876142.jpg', 0, '2021-08-13 14:35:42', '2021-08-13 14:35:42', NULL),
	(167, 1, 'Caixa Budweiser ', 6.5, '', 'public/imagem/produtos/1628876402.jpeg', 1, '2021-08-13 14:40:02', '2021-09-01 21:02:49', NULL),
	(168, 1, 'MICROFONE SUPERLUX TM-58 DINAMICO', 150, 'Marca‎Vocal<br>Fabricante‎Vocal<br>Tipo Do Produto‎Eletrônicos<br>EAN‎4710423845961', 'public/imagem/produtos/1630544006.jpg', 1, '2021-09-01 21:53:26', '2021-09-01 22:48:53', NULL),
	(169, 1, 'cachaça Bylaardt morango - 500ml', 15, 'trrttrt', NULL, 1692021, '2021-12-04 16:59:26', '2021-12-04 16:59:26', NULL);
/*!40000 ALTER TABLE `produtos` ENABLE KEYS */;

-- Copiando estrutura para tabela zig.produtos_pedidos
CREATE TABLE IF NOT EXISTS `produtos_pedidos` (
  `id` int NOT NULL AUTO_INCREMENT,
  `id_pedido` int NOT NULL,
  `id_produto` int NOT NULL,
  `preco` double NOT NULL DEFAULT '0',
  `quantidade` int NOT NULL,
  `subtotal` double NOT NULL DEFAULT '0',
  `created_at` timestamp NULL DEFAULT NULL,
  `updated_at` timestamp NULL DEFAULT NULL,
  PRIMARY KEY (`id`),
  KEY `id_pedido` (`id_pedido`),
  KEY `id_produto` (`id_produto`)
) ENGINE=MyISAM AUTO_INCREMENT=336 DEFAULT CHARSET=utf8 COLLATE=utf8_unicode_ci;

-- Copiando dados para a tabela zig.produtos_pedidos: 6 rows
/*!40000 ALTER TABLE `produtos_pedidos` DISABLE KEYS */;
INSERT INTO `produtos_pedidos` (`id`, `id_pedido`, `id_produto`, `preco`, `quantidade`, `subtotal`, `created_at`, `updated_at`) VALUES
	(330, 184, 47, 22.8, 2, 34.2, '2020-12-09 14:28:43', '2020-12-09 14:29:15'),
	(331, 186, 51, 145.24, 3, 435.72, '2021-01-09 17:05:47', '2021-01-10 00:32:32'),
	(332, 186, 53, 12.12, 1, 12.12, '2021-01-09 17:05:55', '2021-01-09 17:05:55'),
	(333, 187, 51, 145.24, 1, 145.24, '2021-01-12 21:49:58', '2021-01-12 21:49:58'),
	(334, 187, 52, 4.58, 2, 9.16, '2021-01-12 21:50:11', '2021-01-12 21:50:11'),
	(335, 188, 52, 98, 1, 98, '2021-03-01 20:50:35', '2021-03-01 20:50:35');
/*!40000 ALTER TABLE `produtos_pedidos` ENABLE KEYS */;

-- Copiando estrutura para tabela zig.recuperacao_de_senha
CREATE TABLE IF NOT EXISTS `recuperacao_de_senha` (
  `id` int NOT NULL AUTO_INCREMENT,
  `user_id` int NOT NULL,
  `hash` varchar(100) NOT NULL,
  `created_at` timestamp NOT NULL DEFAULT CURRENT_TIMESTAMP,
  `updated_at` timestamp NULL DEFAULT NULL,
  PRIMARY KEY (`id`)
) ENGINE=InnoDB DEFAULT CHARSET=utf8;

-- Copiando dados para a tabela zig.recuperacao_de_senha: ~0 rows (aproximadamente)
/*!40000 ALTER TABLE `recuperacao_de_senha` DISABLE KEYS */;
/*!40000 ALTER TABLE `recuperacao_de_senha` ENABLE KEYS */;

-- Copiando estrutura para tabela zig.sexos
CREATE TABLE IF NOT EXISTS `sexos` (
  `id` int NOT NULL AUTO_INCREMENT,
  `descricao` varchar(50) NOT NULL,
  `created_at` timestamp NOT NULL DEFAULT CURRENT_TIMESTAMP ON UPDATE CURRENT_TIMESTAMP,
  `updated_at` timestamp NOT NULL DEFAULT '0000-00-00 00:00:00',
  PRIMARY KEY (`id`)
) ENGINE=InnoDB AUTO_INCREMENT=3 DEFAULT CHARSET=latin1;

-- Copiando dados para a tabela zig.sexos: ~2 rows (aproximadamente)
/*!40000 ALTER TABLE `sexos` DISABLE KEYS */;
INSERT INTO `sexos` (`id`, `descricao`, `created_at`, `updated_at`) VALUES
	(1, 'Masculino', '2020-02-21 14:08:58', '0000-00-00 00:00:00'),
	(2, 'Feminino', '2020-02-21 14:09:09', '0000-00-00 00:00:00');
/*!40000 ALTER TABLE `sexos` ENABLE KEYS */;

-- Copiando estrutura para tabela zig.situacoes_pedidos
CREATE TABLE IF NOT EXISTS `situacoes_pedidos` (
  `id` int NOT NULL AUTO_INCREMENT,
  `legenda` varchar(50) CHARACTER SET utf8 COLLATE utf8_unicode_ci NOT NULL DEFAULT '',
  `created_at` timestamp NULL DEFAULT '0000-00-00 00:00:00' ON UPDATE CURRENT_TIMESTAMP,
  `updated_at` timestamp NULL DEFAULT '0000-00-00 00:00:00',
  PRIMARY KEY (`id`)
) ENGINE=MyISAM AUTO_INCREMENT=8 DEFAULT CHARSET=utf8 COLLATE=utf8_unicode_ci;

-- Copiando dados para a tabela zig.situacoes_pedidos: 5 rows
/*!40000 ALTER TABLE `situacoes_pedidos` DISABLE KEYS */;
INSERT INTO `situacoes_pedidos` (`id`, `legenda`, `created_at`, `updated_at`) VALUES
	(1, 'Realizado', '2020-08-06 11:01:25', '0000-00-00 00:00:00'),
	(2, 'Em preparação', '2020-08-06 11:01:45', '0000-00-00 00:00:00'),
	(3, 'Enviado', '2020-08-06 11:01:55', '0000-00-00 00:00:00'),
	(5, 'Recebido', '2020-08-06 11:02:00', '0000-00-00 00:00:00'),
	(7, 'Incompleto', '0000-00-00 00:00:00', '0000-00-00 00:00:00');
/*!40000 ALTER TABLE `situacoes_pedidos` ENABLE KEYS */;

-- Copiando estrutura para tabela zig.tipos_pdv
CREATE TABLE IF NOT EXISTS `tipos_pdv` (
  `id` int NOT NULL AUTO_INCREMENT,
  `descricao` varchar(50) NOT NULL,
  `created_at` timestamp NOT NULL DEFAULT CURRENT_TIMESTAMP ON UPDATE CURRENT_TIMESTAMP,
  `updated_at` timestamp NOT NULL DEFAULT '0000-00-00 00:00:00',
  PRIMARY KEY (`id`)
) ENGINE=InnoDB AUTO_INCREMENT=3 DEFAULT CHARSET=latin1;

-- Copiando dados para a tabela zig.tipos_pdv: ~2 rows (aproximadamente)
/*!40000 ALTER TABLE `tipos_pdv` DISABLE KEYS */;
INSERT INTO `tipos_pdv` (`id`, `descricao`, `created_at`, `updated_at`) VALUES
	(1, 'Padrão', '0000-00-00 00:00:00', '0000-00-00 00:00:00'),
	(2, 'Diferencial', '2020-05-23 17:02:09', '2020-05-23 17:02:09');
/*!40000 ALTER TABLE `tipos_pdv` ENABLE KEYS */;

-- Copiando estrutura para tabela zig.usuarios
CREATE TABLE IF NOT EXISTS `usuarios` (
  `id` int NOT NULL AUTO_INCREMENT,
  `id_empresa` int NOT NULL DEFAULT '0',
  `nome` varchar(50) NOT NULL,
  `email` varchar(50) NOT NULL,
  `password` varchar(50) NOT NULL,
  `remember_token` varchar(60) DEFAULT NULL,
  `remember_expire_date` timestamp NULL DEFAULT NULL,
  `id_sexo` int DEFAULT NULL,
  `id_perfil` int DEFAULT NULL,
  `imagem` text,
  `status` int DEFAULT '1',
  `created_at` timestamp NOT NULL DEFAULT '0000-00-00 00:00:00' ON UPDATE CURRENT_TIMESTAMP,
  `updated_at` timestamp NOT NULL DEFAULT '0000-00-00 00:00:00',
  PRIMARY KEY (`id`),
  KEY `FK_usuarios_sexo` (`id_sexo`),
  KEY `FK_usuarios_perfis` (`id_perfil`),
  KEY `FK_usuarios_clientes` (`id_empresa`),
  CONSTRAINT `FK_usuarios_clientes` FOREIGN KEY (`id_empresa`) REFERENCES `empresas` (`id`),
  CONSTRAINT `FK_usuarios_perfis` FOREIGN KEY (`id_perfil`) REFERENCES `perfis` (`id`),
  CONSTRAINT `FK_usuarios_sexo` FOREIGN KEY (`id_sexo`) REFERENCES `sexos` (`id`)
) ENGINE=InnoDB AUTO_INCREMENT=76 DEFAULT CHARSET=latin1;

-- Copiando dados para a tabela zig.usuarios: ~12 rows (aproximadamente)
/*!40000 ALTER TABLE `usuarios` DISABLE KEYS */;
INSERT INTO `usuarios` (`id`, `id_empresa`, `nome`, `email`, `password`, `remember_token`, `remember_expire_date`, `id_sexo`, `id_perfil`, `imagem`, `status`, `created_at`, `updated_at`) VALUES
	(1, 1, 'Valdiney França', 'valdiney.2@hotmail.com', '4860b8a986a92086885755ecc8c9480d1c1b98b0', '4151493d3a013e5999d4dc80916f2520ec366179', '2022-01-24 09:43:18', 1, 1, 'public/imagem/perfil_usuarios/1585493352.jpg', 1, '2021-12-24 09:43:18', '2021-12-24 09:43:18'),
	(51, 1, 'Tadeu', 'tadeu@email.com', '35842af82da9d4eaabe843c590eee229a2d9bff3', '66c93e3802dfa00d3dc3b5c6669773adb647c35e', '2021-04-02 15:41:22', 1, 1, '../public/imagem/perfil_usuarios/1594117183.jpg', 1, '2021-03-02 15:41:22', '2021-03-02 15:41:22'),
	(57, 1, 'Enrique', 'enriquegeorg@gmail.com', '3b5df72898847f008454f4ed60280d6bdffc890d', '205877e232f40c2431cf8c1df6dce451ef35572f', '2021-04-11 19:18:28', 1, 1, '../public/imagem/perfil_usuarios/1595349951.png', 1, '2021-03-11 19:18:28', '2021-03-11 19:18:28'),
	(58, 4, 'Super User Bouthin', 'adm@bouthin.com.br', '3b5df72898847f008454f4ed60280d6bdffc890d', NULL, NULL, 1, 2, NULL, 1, '2020-11-27 19:16:25', '2020-11-27 19:16:25'),
	(67, 1, 'Teste', 'teste@hotmail.com', '3b5df72898847f008454f4ed60280d6bdffc890d', NULL, NULL, 1, 4, NULL, 1, '2020-12-05 17:48:34', '2020-12-05 17:48:33'),
	(68, 5, 'Majukids', 'jeane.2@hotmail.com', '3b5df72898847f008454f4ed60280d6bdffc890d', '2ee7aa66f54c079d8a4e55ef3fa2e73e6b4abef0', '2021-06-18 23:53:47', 1, 2, '../public/imagem/perfil_usuarios/1609878660.jfif', 1, '2021-05-18 23:53:47', '2021-05-18 23:53:47'),
	(69, 1, 'teste', 'teste.2@hotmail.com', '4860b8a986a92086885755ecc8c9480d1c1b98b0', NULL, NULL, 1, 5, NULL, 1, '2021-01-15 17:46:06', '2021-01-15 17:46:06'),
	(70, 1, 'vai teste', 'vaiteste@hotmail.com', '4860b8a986a92086885755ecc8c9480d1c1b98b0', NULL, NULL, 1, 2, NULL, 1, '2021-01-15 17:46:38', '2021-01-15 17:46:38'),
	(71, 6, 'Açaí dos meus Sonhos', 'santosalvin@hotmail.com', '3b5df72898847f008454f4ed60280d6bdffc890d', NULL, NULL, 1, 2, '../public/imagem/perfil_usuarios/1611002082.png', 1, '2021-01-19 09:07:33', '2021-01-19 09:07:33'),
	(72, 1, 'Marcos', 'marcuscogo19@gmail.com', '3b5df72898847f008454f4ed60280d6bdffc890d', '1bee46d0629e14221dd3e104fd61cc69e882dc4a', '2021-03-24 23:00:05', 1, 1, NULL, 1, '2021-02-24 23:00:05', '2021-02-24 23:00:05'),
	(73, 1, 'Fernando Lira', 'fernandollira@gmail.com', '3b5df72898847f008454f4ed60280d6bdffc890d', NULL, NULL, 1, 2, NULL, 1, '2021-03-01 22:04:27', '2021-03-01 22:04:27'),
	(74, 7, 'Fashion Star ', 'aninha.cc8@gmail.com ', '4ed69ea95b9bb3e4e2f7c87235592ae3f070cf40', '2b9ec02362eef0368bcdccf1f61a03813fa5d60c', '2021-04-03 21:28:24', 1, 2, NULL, 1, '2021-03-03 21:31:32', '2021-03-03 21:31:32'),
	(75, 1, 'Admin', 'admin@admin.com', '3b5df72898847f008454f4ed60280d6bdffc890d', NULL, NULL, 1, 1, NULL, 1, '2021-09-01 21:57:20', '0000-00-00 00:00:00');
/*!40000 ALTER TABLE `usuarios` ENABLE KEYS */;

-- Copiando estrutura para tabela zig.vendas
CREATE TABLE IF NOT EXISTS `vendas` (
  `id` int NOT NULL AUTO_INCREMENT,
  `id_usuario` int NOT NULL,
  `id_meio_pagamento` int NOT NULL,
  `id_empresa` int NOT NULL,
  `id_produto` int DEFAULT NULL,
  `preco` double DEFAULT '0',
  `quantidade` int DEFAULT NULL,
  `valor` double NOT NULL DEFAULT '0',
  `data_compensacao` date DEFAULT NULL,
  `codigo_venda` varchar(100) CHARACTER SET latin1 COLLATE latin1_swedish_ci DEFAULT NULL,
  `created_at` timestamp NOT NULL DEFAULT CURRENT_TIMESTAMP ON UPDATE CURRENT_TIMESTAMP,
  `updated_at` timestamp NOT NULL DEFAULT '0000-00-00 00:00:00',
  `deleted_at` timestamp NULL DEFAULT NULL,
  PRIMARY KEY (`id`),
  KEY `FK_vendas_meios_de_pagamento` (`id_meio_pagamento`),
  KEY `FK_vendas_usuarios` (`id_usuario`),
  KEY `FK_vendas_clientes` (`id_empresa`),
  CONSTRAINT `FK_vendas_clientes` FOREIGN KEY (`id_empresa`) REFERENCES `empresas` (`id`),
  CONSTRAINT `FK_vendas_meios_de_pagamento` FOREIGN KEY (`id_meio_pagamento`) REFERENCES `meios_pagamentos` (`id`),
  CONSTRAINT `FK_vendas_usuarios` FOREIGN KEY (`id_usuario`) REFERENCES `usuarios` (`id`)
) ENGINE=InnoDB AUTO_INCREMENT=140 DEFAULT CHARSET=latin1;

-- Copiando dados para a tabela zig.vendas: ~72 rows (aproximadamente)
/*!40000 ALTER TABLE `vendas` DISABLE KEYS */;
INSERT INTO `vendas` (`id`, `id_usuario`, `id_meio_pagamento`, `id_empresa`, `id_produto`, `preco`, `quantidade`, `valor`, `data_compensacao`, `codigo_venda`, `created_at`, `updated_at`, `deleted_at`) VALUES
	(67, 1, 2, 1, 161, 60, 2, 120, '0000-00-00', '', '2021-08-08 22:35:15', '2021-08-08 22:35:15', NULL),
	(68, 1, 1, 1, 162, 150, 1, 150, '0000-00-00', '', '2021-08-08 22:47:30', '2021-08-08 22:47:30', NULL),
	(69, 1, 3, 1, 162, 150, 1, 150, '0000-00-00', '', '2021-08-08 23:12:21', '2021-08-08 23:12:21', NULL),
	(70, 1, 4, 1, 161, 60, 1, 60, '2021-08-10', '', '2021-08-08 23:13:03', '2021-08-08 23:13:03', NULL),
	(71, 1, 1, 1, 161, 60, 1, 60, '0000-00-00', '', '2021-08-08 23:26:16', '2021-08-08 23:26:16', NULL),
	(72, 1, 1, 1, 163, 35.55, 1, 35.55, '0000-00-00', '', '2021-08-10 21:14:52', '2021-08-10 21:14:52', NULL),
	(73, 1, 1, 1, 161, 60, 6, 360, '0000-00-00', '', '2021-08-10 21:22:37', '2021-08-10 21:22:37', NULL),
	(74, 1, 3, 1, 162, 150, 2, 300, '0000-00-00', '', '2021-08-10 21:22:57', '2021-08-10 21:22:57', NULL),
	(75, 1, 2, 1, 163, 35.55, 19, 675.45, '0000-00-00', '', '2021-08-10 21:23:28', '2021-08-10 21:23:28', NULL),
	(76, 1, 1, 1, 164, 300, 1, 300, '0000-00-00', '', '2021-08-12 10:09:14', '0000-00-00 00:00:00', NULL),
	(77, 1, 2, 1, 164, 300, 1, 300, '0000-00-00', '', '2021-08-12 22:21:19', '0000-00-00 00:00:00', NULL),
	(78, 1, 2, 1, 164, 300, 8, 2400, '0000-00-00', '', '2021-08-12 22:27:20', '0000-00-00 00:00:00', NULL),
	(79, 1, 1, 1, 164, 300, 1, 300, '0000-00-00', '', '2021-08-12 22:30:02', '0000-00-00 00:00:00', NULL),
	(80, 1, 3, 1, 165, 76, 1, 76, '0000-00-00', '', '2021-08-12 22:46:57', '0000-00-00 00:00:00', NULL),
	(81, 1, 1, 1, 167, 6.5, 1, 6.5, '0000-00-00', '', '2021-08-21 22:41:51', '0000-00-00 00:00:00', NULL),
	(82, 1, 1, 1, 167, 6.5, 1, 6.5, '0000-00-00', '', '2021-09-01 21:02:49', '0000-00-00 00:00:00', NULL),
	(83, 1, 1, 1, 161, 60, 1, 60, '0000-00-00', '', '2021-09-01 21:08:31', '0000-00-00 00:00:00', NULL),
	(84, 1, 3, 1, NULL, 0, NULL, 100, NULL, '', '2021-09-01 21:18:10', '0000-00-00 00:00:00', NULL),
	(85, 1, 1, 1, 167, 6.5, 1, 6.5, '0000-00-00', '', '2021-09-01 21:39:14', '0000-00-00 00:00:00', NULL),
	(86, 1, 2, 1, 168, 150, 1, 150, '0000-00-00', '', '2021-09-01 21:53:55', '0000-00-00 00:00:00', NULL),
	(87, 1, 2, 1, 168, 150, 1, 150, '0000-00-00', '', '2021-09-01 22:02:41', '0000-00-00 00:00:00', NULL),
	(88, 1, 2, 1, 162, 150, 1, 150, '0000-00-00', '', '2021-09-01 22:54:57', '0000-00-00 00:00:00', NULL),
	(89, 1, 2, 1, 168, 150, 1, 150, '0000-00-00', '', '2021-09-01 22:54:58', '0000-00-00 00:00:00', NULL),
	(90, 1, 3, 1, 167, 6.5, 2, 13, '0000-00-00', '', '2021-09-02 15:21:23', '0000-00-00 00:00:00', NULL),
	(91, 1, 3, 1, 168, 150, 1, 150, '0000-00-00', '', '2021-09-02 22:17:37', '0000-00-00 00:00:00', NULL),
	(92, 1, 3, 1, 168, 150, 3, 450, '0000-00-00', '', '2021-09-02 22:18:03', '0000-00-00 00:00:00', NULL),
	(93, 1, 1, 1, 166, 28, 1, 28, '0000-00-00', '', '2021-09-03 18:56:54', '0000-00-00 00:00:00', NULL),
	(94, 1, 3, 1, 167, 6.5, 2, 13, '0000-00-00', '', '2021-09-04 18:01:05', '0000-00-00 00:00:00', NULL),
	(95, 1, 2, 1, 161, 60, 1, 60, '0000-00-00', '', '2021-09-05 17:19:35', '0000-00-00 00:00:00', NULL),
	(96, 1, 2, 1, 166, 28, 1, 28, '0000-00-00', '', '2021-09-05 17:19:35', '0000-00-00 00:00:00', NULL),
	(97, 1, 1, 1, 168, 150, 1, 150, '0000-00-00', '', '2021-09-06 09:49:12', '0000-00-00 00:00:00', NULL),
	(98, 1, 1, 1, 163, 35.55, 1, 35.55, '0000-00-00', '', '2021-09-08 17:50:59', '0000-00-00 00:00:00', NULL),
	(99, 1, 1, 1, 164, 300, 1, 300, '0000-00-00', '', '2021-09-08 17:50:59', '0000-00-00 00:00:00', NULL),
	(100, 1, 2, 1, 161, 60, 1, 60, '0000-00-00', '', '2021-09-08 21:59:42', '0000-00-00 00:00:00', NULL),
	(101, 1, 2, 1, 164, 300, 1, 300, '0000-00-00', '', '2021-09-08 21:59:42', '0000-00-00 00:00:00', NULL),
	(102, 1, 2, 1, 166, 28, 1, 28, '0000-00-00', '', '2021-09-08 21:59:42', '0000-00-00 00:00:00', NULL),
	(103, 1, 1, 1, 168, 150, 1, 150, '0000-00-00', '', '2021-09-09 15:56:29', '0000-00-00 00:00:00', NULL),
	(104, 1, 1, 1, 166, 28, 1, 28, '0000-00-00', '', '2021-09-09 16:14:21', '0000-00-00 00:00:00', NULL),
	(105, 1, 1, 1, 168, 150, 1, 150, '0000-00-00', '', '2021-12-04 16:56:02', '0000-00-00 00:00:00', NULL),
	(106, 1, 1, 1, 163, 35.55, 1, 35.55, '0000-00-00', '', '2021-12-04 16:56:10', '0000-00-00 00:00:00', NULL),
	(107, 1, 1, 1, 167, 6.5, 2, 13, '0000-00-00', '', '2021-12-04 16:57:02', '0000-00-00 00:00:00', NULL),
	(108, 1, 1, 1, 169, 15, 1, 15, '0000-00-00', '', '2021-12-04 16:59:36', '0000-00-00 00:00:00', NULL),
	(109, 1, 1, 1, 161, 60, 1, 60, '0000-00-00', '', '2021-12-06 21:44:29', '0000-00-00 00:00:00', NULL),
	(110, 1, 1, 1, 168, 150, 1, 150, '0000-00-00', '', '2021-12-06 21:53:29', '0000-00-00 00:00:00', NULL),
	(111, 1, 1, 1, 167, 6.5, 1, 6.5, '0000-00-00', '', '2021-12-06 21:53:29', '0000-00-00 00:00:00', NULL),
	(112, 1, 1, 1, 162, 150, 1, 150, '0000-00-00', '', '2021-12-06 21:55:10', '0000-00-00 00:00:00', NULL),
	(113, 1, 1, 1, 164, 300, 1, 300, '0000-00-00', '', '2021-12-06 21:55:10', '0000-00-00 00:00:00', NULL),
	(114, 1, 1, 1, 162, 150, 1, 150, '0000-00-00', '', '2021-12-06 21:56:48', '0000-00-00 00:00:00', NULL),
	(115, 1, 1, 1, 164, 300, 1, 300, '0000-00-00', '', '2021-12-06 21:56:48', '0000-00-00 00:00:00', NULL),
	(116, 1, 1, 1, 162, 150, 1, 150, '0000-00-00', '114715402261b8d19989d286.67853980', '2021-12-14 14:17:13', '0000-00-00 00:00:00', NULL),
	(117, 1, 1, 1, 168, 150, 1, 150, '0000-00-00', '114715402261b8d19989d286.67853980', '2021-12-15 21:02:40', '2021-12-15 21:02:40', '2021-12-15 21:02:40'),
	(118, 1, 1, 1, 161, 60, 1, 60, '0000-00-00', '114715402261b8d19989d286.67853980', '2021-12-15 21:02:28', '2021-12-15 21:02:28', '2021-12-15 21:02:28'),
	(119, 1, 1, 1, 162, 150, 1, 150, '0000-00-00', '161673832761b92dbc31f6a8.97503216', '2021-12-14 20:50:20', '0000-00-00 00:00:00', NULL),
	(120, 1, 1, 1, 169, 15, 1, 15, '0000-00-00', '161673832761b92dbc31f6a8.97503216', '2021-12-14 20:50:20', '0000-00-00 00:00:00', NULL),
	(121, 1, 2, 1, 167, 6.5, 1, 6.5, '0000-00-00', '12461233161b92e03ec36e5.6334550931', '2021-12-14 20:51:31', '0000-00-00 00:00:00', NULL),
	(122, 1, 2, 1, 166, 28, 1, 28, '0000-00-00', '12461233161b92e03ec36e5.6334550931', '2021-12-14 20:51:31', '0000-00-00 00:00:00', NULL),
	(123, 1, 2, 1, 161, 60, 1, 60, '0000-00-00', '111521031361b92e4b055815.644162014314/12/2021', '2021-12-14 20:52:43', '0000-00-00 00:00:00', NULL),
	(124, 1, 2, 1, 164, 300, 1, 300, '0000-00-00', '111521031361b92e4b055815.644162014314/12/2021', '2021-12-14 20:52:43', '0000-00-00 00:00:00', NULL),
	(125, 1, 1, 1, 165, 76, 1, 76, '0000-00-00', '173395214461b92e6b1035b7.343472001514.12.2021', '2021-12-14 20:53:15', '0000-00-00 00:00:00', NULL),
	(126, 1, 1, 1, 166, 28, 1, 28, '0000-00-00', '173395214461b92e6b1035b7.343472001514.12.2021', '2021-12-14 20:53:15', '0000-00-00 00:00:00', NULL),
	(127, 1, 3, 1, 162, 150, 1, 150, '0000-00-00', '111063249761b942546dc306.168110151214.12.2021', '2021-12-14 22:18:12', '0000-00-00 00:00:00', NULL),
	(128, 1, 3, 1, 164, 300, 1, 300, '0000-00-00', '111063249761b942546dc306.168110151214.12.2021', '2021-12-14 22:18:12', '0000-00-00 00:00:00', NULL),
	(129, 1, 3, 1, 166, 28, 1, 28, '0000-00-00', '111063249761b942546dc306.168110151214.12.2021', '2021-12-14 22:18:12', '0000-00-00 00:00:00', NULL),
	(130, 1, 2, 1, 167, 6.5, 1, 6.5, '0000-00-00', '59320831661b9a9ce176da0.449826474215.12.2021', '2021-12-24 09:43:43', '2021-12-24 09:43:43', '2021-12-24 09:43:43'),
	(131, 1, 2, 1, 166, 28, 1, 28, '0000-00-00', '59320831661b9a9ce176da0.449826474215.12.2021', '2021-12-15 05:39:42', '0000-00-00 00:00:00', NULL),
	(132, 1, 3, 1, 168, 150, 1, 150, '0000-00-00', '24678006461c5ccc8aa0357.617229310824.12.2021', '2021-12-24 10:36:08', '0000-00-00 00:00:00', NULL),
	(133, 1, 3, 1, 161, 60, 1, 60, '0000-00-00', '24678006461c5ccc8aa0357.617229310824.12.2021', '2021-12-24 10:36:08', '0000-00-00 00:00:00', NULL),
	(134, 1, 5, 1, 167, 6.5, 2, 13, '0000-00-00', '205462555861c7510d1d08e8.260168514525.12.2021', '2021-12-25 14:12:45', '0000-00-00 00:00:00', NULL),
	(135, 1, 4, 1, 168, 150, 1, 150, '2021-12-26', '100996754561c75154d63b49.879961455625.12.2021', '2021-12-25 14:13:56', '0000-00-00 00:00:00', NULL),
	(136, 1, 5, 1, 162, 150, 1, 150, '0000-00-00', '104517126261c9a55c07f359.327974020027.12.2021', '2021-12-27 08:37:00', '0000-00-00 00:00:00', NULL),
	(137, 1, 5, 1, 161, 60, 1, 60, '0000-00-00', '160869157761c9a577ea47c7.244154102727.12.2021', '2021-12-27 08:37:27', '0000-00-00 00:00:00', NULL),
	(138, 1, 5, 1, 167, 6.5, 1, 6.5, '0000-00-00', '47267674961c9a60c3223c9.546984385627.12.2021', '2021-12-27 08:39:56', '0000-00-00 00:00:00', NULL),
	(139, 1, 5, 1, 169, 15, 1, 15, '0000-00-00', '108018557361c9a64940f2d9.734746185727.12.2021', '2021-12-27 08:40:57', '0000-00-00 00:00:00', NULL);
/*!40000 ALTER TABLE `vendas` ENABLE KEYS */;

/*!40101 SET SQL_MODE=IFNULL(@OLD_SQL_MODE, '') */;
/*!40014 SET FOREIGN_KEY_CHECKS=IFNULL(@OLD_FOREIGN_KEY_CHECKS, 1) */;
/*!40101 SET CHARACTER_SET_CLIENT=@OLD_CHARACTER_SET_CLIENT */;
/*!40111 SET SQL_NOTES=IFNULL(@OLD_SQL_NOTES, 1) */;
